ID,Year_Birth,Education,Marital_Status, Income ,Country,Response
1826,1970,Graduation,Divorced,84835.00,SP,1
1,1961,Graduation,Single,57091.00,CA,1
10476,1958,Graduation,Married,67267.00,US,0
1386,1967,Graduation,Together,32474.00,AUS,0
5371,1989,Graduation,Single,21474.00,SP,1
7348,1958,PhD,Single,71691.00,SP,1
4073,1954,2n Cycle,Married,63564.00,GER,1
1991,1967,Graduation,Together,44931.00,SP,0
4047,1954,PhD,Married,65324.00,US,0
9477,1954,PhD,Married,65324.00,IND,0
2079,1947,2n Cycle,Married,81044.00,US,0
5642,1979,Master,Together,62499.00,SP,0
10530,1959,PhD,Widow,67786.00,IND,1
2964,1981,Graduation,Married,26872.00,CA,0
10311,1969,Graduation,Married,4428.00,SP,0
837,1977,Graduation,Married,54809.00,SP,0
10521,1977,Graduation,Married,54809.00,SP,1
10175,1958,PhD,Divorced,32173.00,SP,0
1473,1960,2n Cycle,Single,47823.00,CA,0
2795,1958,Master,Single,30523.00,CA,0
2285,1954,Master,Together,36634.00,SA,0
115,1966,Master,Single,43456.00,IND,0
10470,1979,Master,Married,40662.00,GER,0
4065,1976,PhD,Married,49544.00,SP,0
10968,1969,Graduation,Single,57731.00,IND,0
5985,1965,Master,Single,33168.00,SP,0
5430,1956,Graduation,Together,54450.00,SP,0
8432,1956,Graduation,Together,54450.00,SP,0
453,1956,PhD,Widow,35340.00,SP,0
9687,1975,Graduation,Single,73170.00,CA,0
8890,1971,PhD,Divorced,65808.00,SP,0
9264,1986,Graduation,Married,79529.00,CA,0
5824,1972,PhD,Together,34578.00,AUS,0
5794,1974,PhD,Married,46374.00,IND,1
3068,1990,Graduation,Married,18351.00,SP,0
7962,1987,PhD,Single,95169.00,SP,1
2681,1984,2n Cycle,Married,65370.00,SP,0
10141,1960,Master,Divorced,39228.00,SA,0
3725,1961,PhD,Single,84865.00,SP,1
3767,1968,Graduation,Married,61314.00,SP,0
5585,1972,Graduation,Single,21359.00,CA,1
7030,1955,PhD,Married,66465.00,SP,0
1524,1983,2n Cycle,Single,81698.00,SP,1
3657,1986,Graduation,Single,39146.00,SP,0
5740,1970,2n Cycle,Divorced,25959.00,SP,1
9595,1961,Graduation,Together,64260.00,SP,1
3158,1973,Graduation,Married,32300.00,SP,0
5114,1965,Master,Married,74806.00,AUS,0
340,1970,Graduation,Divorced,72967.00,GER,1
8805,1960,Graduation,Single,48904.00,US,0
1241,1984,2n Cycle,Married,14796.00,GER,1
1402,1954,Master,Married,66991.00,GER,0
7264,1978,2n Cycle,Single,52195.00,SA,0
1619,1956,Graduation,Married,90369.00,SP,1
6398,1974,Basic,Married,18393.00,SP,0
1857,1952,Graduation,Single,47139.00,SP,1
4877,1973,Master,Married,38576.00,IND,0
3066,1975,PhD,Together,61905.00,SA,0
10286,1962,Graduation,Married,83715.00,SA,0
1992,1964,Graduation,Married,60597.00,SP,1
4246,1982,Master,Single,6560.00,SP,0
10623,1961,Master,Together,48330.00,SP,0
4867,1968,PhD,Single,38236.00,SP,0
3112,1977,Master,Married,22701.00,SP,0
4865,1974,Master,Divorced,53367.00,AUS,1
6287,1986,Graduation,Together,34728.00,SP,1
4405,1956,Master,Married,63915.00,AUS,0
5332,1960,2n Cycle,Married,82504.00,IND,0
1519,1972,PhD,Single,38578.00,SP,1
9080,1972,PhD,Single,38578.00,SP,0
1772,1975,PhD,Married,79174.00,CA,1
5341,1962,2n Cycle,Divorced,81975.00,SA,0
5510,1977,Master,Married,43263.00,SP,0
3887,1970,Graduation,Single,27242.00,IND,1
7022,1971,Graduation,Married,76445.00,SA,0
9999,1965,Graduation,Together,75276.00,SP,0
10352,1963,Graduation,Widow,34213.00,SA,1
7919,1976,PhD,Together,72335.00,SP,1
4114,1964,Master,Married,79143.00,AUS,0
7990,1947,Graduation,Married,27469.00,CA,0
9888,1969,Graduation,Together,68695.00,SP,0
4399,1969,Graduation,Together,68695.00,CA,0
4452,1957,Graduation,Single,50388.00,GER,1
4785,1970,PhD,Together,77622.00,SA,0
8461,1962,Graduation,Divorced,46102.00,SP,0
3878,1980,2n Cycle,Single,31859.00,SP,0
9612,1987,2n Cycle,Single,23830.00,SP,0
4098,1973,Graduation,Married,24639.00,AUS,0
158,1945,PhD,Together,71604.00,SP,1
3896,1984,Graduation,Married,27255.00,SP,0
9970,1977,Graduation,Together,55375.00,CA,0
4002,1960,PhD,Married,77037.00,SP,0
10914,1970,Graduation,Single,24163.00,SP,0
7279,1969,PhD,Together,69476.00,US,0
10582,1979,Graduation,Married,72063.00,GER,0
4470,1962,Master,Married,58646.00,SP,0
6183,1962,Master,Married,58646.00,GER,0
6379,1949,Master,Widow,47570.00,US,1
8601,1980,Graduation,Married,80011.00,AUS,0
4827,1956,PhD,Single,54998.00,SP,1
6715,1948,PhD,Single,60200.00,SP,0
10676,1982,Graduation,Married,63211.00,SP,1
1041,1973,PhD,Single,48432.00,SA,1
492,1973,PhD,YOLO,48432.00,CA,0
11133,1973,PhD,YOLO,48432.00,IND,1
4491,1949,Master,Married,62845.00,SP,0
873,1949,Master,Married,62845.00,SP,1
1631,1965,PhD,Together,65220.00,GER,1
8278,1990,PhD,Married,74214.00,SP,0
6815,1980,2n Cycle,Married,96547.00,SP,1
254,1955,Graduation,Together,53863.00,SP,0
1349,1970,Graduation,Married,50447.00,IND,0
2534,1953,Graduation,Married,37716.00,AUS,0
2130,1982,Graduation,Together,45203.00,SA,1
2296,1975,Master,Married,37368.00,SP,0
3799,1955,Graduation,Married,67225.00,US,0
11084,1976,Master,Together,65104.00,CA,1
5172,1976,Master,Together,65104.00,SP,0
9504,1949,Master,Married,81698.00,SP,1
850,1968,Graduation,Single,70566.00,SP,0
4477,1958,Graduation,Together,69096.00,GER,0
1945,1962,Graduation,Married,71434.00,SP,0
7685,1978,Graduation,Married,33039.00,SP,0
6310,1978,Graduation,Married,33039.00,CA,0
10832,1958,Graduation,Together,46610.00,SP,0
3025,1958,Graduation,Single,49967.00,CA,0
2404,1976,Graduation,Married,53359.00,US,0
8581,1971,Master,Married,49505.00,SP,0
8755,1946,Master,Married,68657.00,AUS,0
10177,1954,Graduation,Divorced,72071.00,SP,0
2429,1954,Graduation,Divorced,72071.00,CA,0
8920,1967,Master,Single,59235.00,IND,0
8430,1957,Graduation,Together,21994.00,AUS,0
8619,1957,Graduation,Together,21994.00,SP,0
8996,1957,PhD,Married,,GER,0
7233,1972,Graduation,Married,69209.00,CA,0
6678,1989,Graduation,Together,31928.00,IND,0
830,1987,PhD,Single,74004.00,IND,1
6365,1987,2n Cycle,Married,30390.00,IND,0
6770,1985,Graduation,Married,21355.00,US,1
2261,1969,Graduation,Married,26304.00,GER,0
1031,1989,2n Cycle,Married,85710.00,IND,0
10089,1974,Graduation,Divorced,102692.00,SA,1
9256,1971,Graduation,Single,58350.00,SP,0
10641,1978,Graduation,Single,7500.00,SP,0
624,1984,Master,Single,18890.00,SA,1
4211,1986,Basic,Married,20425.00,CA,0
1407,1986,Basic,Married,20425.00,GER,0
10356,1957,PhD,Divorced,41437.00,SP,0
9323,1949,Master,Together,49912.00,ME,1
1146,1949,Master,Together,49912.00,AUS,1
6343,1959,Graduation,Married,79823.00,AUS,0
8545,1954,Graduation,Divorced,85683.00,SP,1
8275,1965,PhD,Divorced,47025.00,SP,0
10673,1976,PhD,Married,68397.00,SA,0
8799,1984,PhD,Married,38175.00,SP,0
67,1972,Master,Single,46423.00,SP,0
9923,1972,Master,Single,46423.00,SP,0
2814,1976,Master,Together,30560.00,SA,0
2711,1976,Master,Together,30560.00,CA,0
4320,1979,Graduation,Single,60152.00,SP,0
10451,1965,Graduation,Together,29672.00,SA,0
4198,1965,Graduation,Together,29672.00,SP,0
10814,1947,Graduation,Together,70321.00,SP,1
944,1962,Graduation,Married,56181.00,SP,0
8151,1990,Basic,Married,24279.00,SP,0
6184,1969,PhD,Married,68462.00,SP,0
3498,1976,PhD,Married,55424.00,SP,1
2870,1973,Graduation,Married,49094.00,SP,0
7342,1961,2n Cycle,Widow,59184.00,SP,0
1911,1987,Graduation,Together,67430.00,GER,0
10862,1960,Master,Married,30522.00,SP,0
2546,1977,2n Cycle,Single,31878.00,SP,0
3005,1992,Graduation,Single,83528.00,SP,1
8318,1979,Graduation,Together,90300.00,SP,0
2930,1978,Master,Single,68092.00,SA,0
8216,1972,Master,Married,53761.00,AUS,0
1212,1973,Graduation,Married,52845.00,SP,0
2541,1976,Graduation,Married,24027.00,SP,0
10659,1979,2n Cycle,Together,7500.00,IND,0
10905,1955,Graduation,Together,42586.00,SP,1
8910,1955,Graduation,Together,42586.00,SP,1
7349,1973,Basic,Together,9722.00,SP,1
7872,1975,PhD,Married,86836.00,SP,1
4290,1972,Graduation,Married,30467.00,CA,0
7408,1952,PhD,Married,54549.00,SA,0
9986,1982,Graduation,Together,19444.00,SA,1
8235,1956,Master,Together,69245.00,SA,0
10949,1963,PhD,Divorced,72968.00,SP,1
7284,1953,Graduation,Married,48686.00,SP,0
9529,1990,Graduation,Married,73687.00,SA,1
9930,1944,PhD,Single,82716.00,CA,0
10270,1981,2n Cycle,Married,35523.00,GER,0
760,1975,PhD,Divorced,60554.00,SA,0
5519,1956,Graduation,Together,64090.00,SA,1
232,1965,Graduation,Single,61559.00,SP,0
3009,1962,PhD,Widow,71670.00,SP,1
6518,1951,PhD,Widow,67680.00,AUS,0
10669,1981,Graduation,Married,54386.00,SP,0
5682,1953,PhD,Single,64108.00,AUS,0
1570,1951,PhD,Together,69702.00,SP,0
1497,1952,Graduation,Single,47958.00,SA,0
9723,1960,Graduation,Married,67716.00,CA,0
7261,1971,Graduation,Together,34600.00,SP,1
2452,1971,Graduation,Together,34600.00,SP,1
5621,1969,Graduation,Married,48752.00,SP,1
10995,1988,2n Cycle,Married,15716.00,SA,0
7373,1952,PhD,Divorced,46610.00,AUS,1
5331,1977,Graduation,Married,74985.00,GER,0
263,1945,PhD,Single,45576.00,SP,1
4619,1945,PhD,Single,113734.00,SP,0
940,1987,Graduation,Single,57100.00,SA,0
10084,1972,Graduation,Married,24434.00,IND,0
6019,1971,PhD,Married,37126.00,SP,1
1463,1958,Graduation,Single,45160.00,AUS,0
6424,1977,Graduation,Together,33178.00,SP,0
8233,1950,Master,Widow,64866.00,CA,0
1515,1975,Master,Together,34176.00,CA,0
10855,1968,Master,Single,50014.00,SP,0
10909,1948,Graduation,Married,92344.00,AUS,0
3376,1970,Master,Divorced,55282.00,SP,0
10232,1963,PhD,Divorced,48799.00,SP,0
5547,1982,PhD,Married,84169.00,SP,1
8362,1982,PhD,Married,84169.00,SA,1
3524,1971,Master,Single,39763.00,SP,1
10095,1975,PhD,Divorced,74165.00,CA,0
8897,1965,Graduation,Single,42720.00,GER,1
466,1944,Graduation,Married,65275.00,SP,0
11025,1961,Graduation,Married,36443.00,SP,0
2387,1952,Master,Together,43776.00,SA,1
1618,1965,Graduation,Together,56046.00,GER,1
25,1958,Graduation,Married,65148.00,CA,0
3277,1955,Graduation,Divorced,49431.00,SP,0
8566,1961,PhD,Together,32583.00,SP,0
2634,1979,Master,Single,16653.00,SP,1
8036,1971,2n Cycle,Together,26850.00,SP,0
8159,1968,Graduation,Married,51287.00,SP,0
7628,1973,2n Cycle,Married,43050.00,SP,0
9597,1969,Graduation,Married,73448.00,CA,0
1384,1992,Basic,Married,17256.00,US,0
10150,1961,Graduation,Single,86429.00,SA,1
3885,1983,PhD,Married,33569.00,SP,1
11003,1980,2n Cycle,Together,25130.00,CA,0
8026,1952,Graduation,Married,62998.00,CA,0
577,1976,2n Cycle,Together,26907.00,SP,0
8702,1976,2n Cycle,Together,26907.00,AUS,0
5429,1948,PhD,Married,45579.00,SP,0
977,1957,Graduation,Together,47320.00,CA,0
2793,1976,PhD,Divorced,70179.00,SA,0
1071,1976,PhD,Divorced,70179.00,US,0
5074,1986,Master,Married,28072.00,CA,0
2632,1954,Graduation,Married,50501.00,IND,1
6404,1969,Graduation,Together,58917.00,SA,0
10240,1949,Graduation,Together,69372.00,CA,1
2521,1971,Master,Married,35178.00,SP,1
4301,1971,Master,Married,35178.00,AUS,1
7381,1968,Graduation,Divorced,75693.00,SP,1
2407,1982,Graduation,Married,69109.00,US,1
9064,1982,Graduation,Married,69109.00,SP,1
5067,1994,Graduation,Together,80134.00,SP,0
10281,1970,Graduation,Divorced,64713.00,AUS,1
11191,1986,Graduation,Divorced,41411.00,SP,0
1994,1983,Graduation,Married,,US,0
2552,1955,PhD,Single,55521.00,SP,1
6720,1968,Master,Together,43795.00,SP,1
4557,1970,Graduation,Together,22070.00,SA,0
1183,1949,Master,Married,36408.00,GER,0
4186,1950,Graduation,Together,34026.00,CA,0
1419,1950,Graduation,Together,34026.00,SP,0
967,1976,Graduation,Married,46049.00,SP,1
1048,1972,Master,Married,35641.00,SA,1
9262,1984,2n Cycle,Together,32414.00,SA,0
3427,1955,PhD,Married,59821.00,SA,0
5892,1980,Graduation,Married,34968.00,SA,0
8911,1967,PhD,Married,56320.00,SP,0
6606,1969,Master,Married,70091.00,SP,0
2677,1956,Graduation,Together,46097.00,SA,0
252,1963,PhD,Divorced,41003.00,SA,0
9860,1959,Graduation,Together,44911.00,SP,0
1388,1975,Graduation,Single,33249.00,AUS,0
979,1975,Graduation,Single,33249.00,SP,0
7494,1950,PhD,Divorced,42873.00,CA,0
10490,1969,PhD,Married,51039.00,AUS,0
3403,1958,PhD,Together,78952.00,SP,0
2715,1966,Master,Divorced,29435.00,CA,1
4828,1954,Graduation,Divorced,79865.00,SA,0
92,1988,Graduation,Alone,34176.00,CA,0
3312,1988,Graduation,Single,34176.00,IND,0
11176,1970,PhD,Together,65968.00,CA,0
1446,1956,Master,Single,86424.00,SA,0
9699,1966,Graduation,Divorced,67272.00,SP,0
9790,1957,Graduation,Single,78499.00,CA,1
2324,1972,Graduation,Together,77044.00,SP,0
5080,1993,Graduation,Single,70515.00,ME,1
4992,1975,Master,Together,17459.00,SP,1
7849,1970,PhD,Married,80336.00,SP,0
4808,1956,Graduation,Married,15759.00,SP,0
10401,1976,2n Cycle,Together,26326.00,GER,0
7793,1976,Graduation,Together,62061.00,SP,0
9303,1976,Graduation,Married,5305.00,IND,0
6853,1982,Master,Single,75777.00,AUS,1
7366,1982,Master,Single,75777.00,IND,1
9780,1971,Master,Together,71499.00,SP,0
7573,1978,PhD,Single,31626.00,GER,1
1379,1992,Master,Together,42670.00,SA,0
8923,1973,Graduation,Single,83917.00,SP,1
3547,1969,Master,Together,41021.00,SA,1
8707,1956,Graduation,Married,79456.00,SP,1
1891,1980,Master,Divorced,78789.00,SP,1
6271,1952,PhD,Married,50870.00,SP,0
9635,1983,Master,Married,35876.00,SP,0
9727,1957,Graduation,Married,23539.00,CA,0
6205,1967,Master,Single,32557.00,CA,1
10681,1970,2n Cycle,Married,62466.00,SP,0
5156,1970,2n Cycle,Married,62466.00,SP,0
3050,1966,Graduation,Married,54198.00,SP,0
8164,1978,PhD,Married,82170.00,SA,0
5626,1964,PhD,Single,61798.00,SP,0
7600,1992,Basic,Single,15253.00,CA,0
6406,1988,Master,Married,78285.00,GER,0
7002,1955,Graduation,Single,62535.00,SP,0
8234,1973,Basic,Together,27190.00,SP,1
6116,1968,2n Cycle,Married,48985.00,SP,0
291,1970,Graduation,Married,72940.00,SA,0
8779,1985,2n Cycle,Married,36145.00,US,1
4931,1977,Graduation,Together,157146.00,SA,0
1650,1960,Master,Married,81843.00,SP,0
9701,1988,Graduation,Together,41883.00,CA,0
6431,1964,PhD,Married,45759.00,IND,0
10789,1964,PhD,Married,45759.00,SP,0
5302,1986,Graduation,Together,78394.00,SP,1
4459,1989,Graduation,Single,30279.00,SP,0
10642,1989,Graduation,Single,30279.00,SP,0
9213,1970,Graduation,Widow,31880.00,SP,0
3678,1973,Graduation,Widow,60208.00,SP,1
3698,1983,Graduation,Together,78687.00,SP,1
5929,1973,PhD,Married,37401.00,SP,0
10795,1973,PhD,Married,37401.00,IND,0
4390,1954,Graduation,Together,75315.00,SA,0
9362,1965,Graduation,Single,69263.00,CA,0
1577,1946,Graduation,Married,78569.00,SP,1
4609,1966,PhD,Married,57705.00,SP,0
7143,1955,2n Cycle,Together,74805.00,SP,0
1729,1961,PhD,Together,66426.00,SP,0
10664,1949,Master,Widow,51529.00,SP,0
5029,1946,Graduation,Married,18100.00,SP,0
10507,1977,2n Cycle,Divorced,59601.00,US,0
3865,1977,2n Cycle,Together,20981.00,CA,1
6982,1976,Graduation,Married,74068.00,IND,0
7042,1983,Graduation,Married,36790.00,SP,1
9668,1971,Graduation,Married,18793.00,SA,0
6878,1954,Graduation,Widow,27421.00,SP,0
4099,1972,Graduation,Married,30675.00,SP,0
5031,1974,Graduation,Together,83145.00,SP,1
1970,1968,Master,Together,34053.00,SP,0
5726,1983,Master,Single,31788.00,SA,0
5231,1974,2n Cycle,Married,45894.00,SP,0
1307,1978,Graduation,Divorced,41986.00,SP,0
10609,1962,PhD,Married,42769.00,CA,0
5782,1982,2n Cycle,Together,58582.00,SP,0
7533,1964,Graduation,Married,49096.00,CA,0
9493,1980,PhD,Single,76412.00,CA,1
2253,1990,Graduation,Married,18929.00,SP,0
2326,1990,Graduation,Married,18929.00,SP,0
1876,1990,Graduation,Married,18929.00,IND,0
7141,1986,Master,Single,21888.00,SP,1
7393,1978,Graduation,Together,41580.00,SP,0
4713,1979,PhD,Married,31605.00,SP,0
5093,1974,PhD,Divorced,25509.00,SP,1
8524,1974,PhD,Divorced,25509.00,SP,1
3766,1959,Master,Widow,33051.00,SP,1
9725,1966,PhD,Together,28764.00,SP,0
8933,1983,2n Cycle,Married,32146.00,CA,0
10779,1983,Graduation,Single,22148.00,SP,0
9289,1979,Graduation,Married,36781.00,SP,1
2613,1960,Master,Married,54197.00,SP,0
10133,1970,Graduation,Single,93790.00,CA,1
8443,1972,Graduation,Single,24762.00,SA,1
10796,1984,Master,Married,30477.00,IND,0
10241,1975,2n Cycle,Divorced,11448.00,SP,0
3388,1967,Graduation,Divorced,70844.00,GER,0
6507,1980,Graduation,Single,30828.00,AUS,0
7446,1967,Master,Together,62513.00,US,0
87,1981,2n Cycle,Married,27733.00,GER,0
10477,1973,PhD,Together,39435.00,SP,0
6072,1970,Master,Single,75345.00,SP,1
2518,1986,2n Cycle,Together,20491.00,GER,0
247,1971,Graduation,Married,36715.00,SP,1
9463,1959,Graduation,Together,71706.00,CA,0
1459,1966,PhD,Married,69063.00,SP,0
9530,1988,Graduation,Married,24645.00,SA,0
9653,1975,Graduation,Married,35797.00,SA,0
10785,1969,Graduation,Married,44078.00,SA,0
9392,1971,Graduation,Single,26954.00,SP,0
3769,1972,PhD,Together,,AUS,0
10146,1972,PhD,Together,38887.00,AUS,0
4741,1974,2n Cycle,Married,65463.00,SP,0
1880,1959,PhD,Together,53537.00,IND,0
6471,1971,Master,Single,36230.00,SP,0
5718,1950,Graduation,Married,80763.00,SA,1
3478,1971,PhD,Married,60585.00,CA,1
7848,1974,Graduation,Single,49166.00,IND,0
7999,1955,PhD,Together,75261.00,SP,1
11101,1991,Graduation,Together,89891.00,AUS,0
9212,1962,Master,Married,72828.00,SP,0
10983,1952,Graduation,Together,75278.00,SA,0
3629,1978,Graduation,Single,38557.00,CA,0
4673,1963,PhD,Married,81300.00,SP,1
796,1965,2n Cycle,Divorced,60161.00,CA,0
618,1977,PhD,Married,69389.00,AUS,0
380,1954,Graduation,Divorced,64497.00,SA,1
1092,1980,Graduation,Married,61014.00,IND,0
8962,1975,Master,Married,44319.00,SA,0
8207,1957,2n Cycle,Married,53233.00,CA,0
6521,1954,Graduation,Together,77972.00,SA,0
535,1987,Graduation,Divorced,81361.00,GER,0
4608,1987,Graduation,Divorced,81361.00,SA,1
11086,1984,Basic,Single,25707.00,SP,0
1064,1971,PhD,Married,42403.00,SP,0
7000,1972,2n Cycle,Single,65704.00,GER,0
1581,1980,Graduation,Married,37406.00,SP,1
7384,1951,Master,Together,39767.00,SP,0
10552,1979,2n Cycle,Married,54210.00,SP,0
6409,1967,Graduation,Divorced,57136.00,SA,1
9507,1975,Graduation,Married,40794.00,SP,0
9560,1965,Graduation,Together,83003.00,SP,1
10991,1960,Master,Married,89058.00,CA,0
4712,1991,2n Cycle,Together,20193.00,SP,0
11056,1974,Graduation,Married,72099.00,SP,0
7414,1971,Graduation,Married,43824.00,SP,0
3076,1975,Graduation,Together,66653.00,AUS,0
6355,1978,Graduation,Married,44359.00,SP,0
7959,1961,Graduation,Married,79410.00,SP,0
5512,1977,Master,Married,55842.00,SP,0
10102,1966,Graduation,Widow,79946.00,SA,0
9369,1979,2n Cycle,Single,88194.00,GER,1
3711,1944,Master,Married,80184.00,SP,0
6931,1967,Graduation,Divorced,76982.00,SP,1
9596,1980,PhD,Single,65295.00,US,0
2727,1973,Graduation,Together,57100.00,SA,0
8416,1981,Graduation,Married,29009.00,US,0
3967,1971,PhD,Married,78931.00,CA,0
2139,1975,Master,Married,7500.00,AUS,0
2162,1976,Graduation,Married,56939.00,SP,0
9242,1990,Graduation,Single,64509.00,SA,1
10595,1990,Graduation,Married,30093.00,SP,0
4855,1974,PhD,Together,30351.00,US,1
5049,1974,PhD,Together,30351.00,SP,0
4967,1960,PhD,Together,38201.00,SA,0
5255,1986,Graduation,Single,,AUS,0
9215,1980,PhD,Married,43974.00,CA,0
3525,1970,Graduation,Together,38200.00,SP,0
3619,1960,2n Cycle,Divorced,87305.00,AUS,1
4415,1961,Graduation,Married,16860.00,SP,0
3645,1972,PhD,Single,27213.00,SP,1
4692,1976,Graduation,Married,7500.00,AUS,1
3955,1965,Graduation,Divorced,4861.00,SA,0
5313,1971,Master,Married,38196.00,SP,0
7196,1950,PhD,Married,41145.00,CA,0
1381,1982,PhD,Single,38513.00,SP,1
10951,1968,Graduation,Married,45688.00,SP,0
4322,1958,PhD,Together,77863.00,SP,0
7444,1969,Master,Married,42169.00,SP,0
2942,1964,Graduation,Single,45906.00,SP,0
2874,1988,2n Cycle,Divorced,35388.00,SA,0
3667,1969,Graduation,Married,80952.00,GER,1
3697,1954,Graduation,Together,39898.00,CA,0
9955,1954,Graduation,Together,39898.00,SP,0
5320,1973,Master,Divorced,44051.00,SA,1
6422,1954,Graduation,Married,86718.00,IND,0
3690,1986,Master,Married,80141.00,SP,1
2408,1976,Graduation,Married,58597.00,IND,0
9260,1945,PhD,Married,70356.00,CA,0
9648,1967,Graduation,Single,46904.00,SP,0
4939,1946,Graduation,Together,37760.00,US,0
8652,1946,Graduation,Together,37760.00,SA,0
4702,1964,Graduation,Single,61839.00,SP,0
2587,1972,PhD,Married,29791.00,AUS,0
2811,1963,PhD,Single,48918.00,SP,0
9150,1963,PhD,Single,48918.00,SP,0
10127,1965,Graduation,Married,58692.00,CA,0
5493,1976,Graduation,Married,39356.00,SP,0
2666,1972,Master,Married,76234.00,CA,0
10099,1984,Graduation,Married,55434.00,SA,0
10562,1946,Master,Married,66835.00,IND,0
7881,1946,Master,Married,66835.00,SP,0
6721,1951,Graduation,Married,71965.00,CA,0
5204,1971,Graduation,Together,74538.00,SP,1
5209,1954,Graduation,Divorced,50002.00,SA,0
10128,1958,Graduation,Together,53977.00,CA,0
9284,1958,Graduation,Together,53977.00,SP,0
8643,1971,Graduation,Together,69930.00,IND,0
1685,1967,PhD,Together,62981.00,CA,0
2877,1974,Master,Together,46014.00,SA,0
8369,1987,Graduation,Together,18227.00,SP,0
6233,1976,Graduation,Married,65991.00,SP,0
195,1972,Graduation,Single,38808.00,SP,1
1501,1982,PhD,Married,160803.00,US,0
10846,1978,Master,Married,43783.00,CA,0
8341,1969,PhD,Married,30396.00,SP,1
10766,1964,PhD,Married,65526.00,SP,0
9971,1964,PhD,Married,65526.00,SA,0
1740,1944,Graduation,Married,55956.00,SP,0
8737,1978,Graduation,Divorced,55563.00,SP,0
6466,1965,PhD,Married,57236.00,SP,0
10430,1973,Graduation,Divorced,89694.00,AUS,0
8773,1971,Master,Together,57420.00,US,0
2371,1972,Graduation,Married,33622.00,GER,0
7786,1986,PhD,Single,29999.00,SP,0
4088,1962,PhD,Together,31497.00,SP,0
4971,1962,PhD,Together,31497.00,SA,0
10560,1980,PhD,Single,36802.00,SP,0
6892,1968,Graduation,Divorced,61671.00,SP,0
11004,1893,2n Cycle,Single,60182.00,SA,0
1818,1971,PhD,Together,29732.00,CA,0
9485,1986,PhD,Married,45921.00,SA,0
6646,1984,Graduation,Together,16529.00,CA,0
4248,1960,Master,Single,98777.00,SP,0
7451,1960,Master,Single,98777.00,SP,0
7861,1952,Master,Married,77027.00,SP,0
5232,1965,Graduation,Married,69139.00,SP,0
3011,1965,Graduation,Married,69139.00,SA,0
5758,1982,Graduation,Married,65169.00,SP,1
2173,1952,Graduation,Widow,40049.00,SP,0
10711,1945,Graduation,Married,69755.00,SA,0
8268,1961,PhD,Married,,CA,0
2782,1961,PhD,Married,54456.00,SP,0
9432,1977,Graduation,Together,666666.00,SA,0
5872,1951,Graduation,Single,60689.00,US,0
11187,1978,Basic,Single,26487.00,CA,0
2428,1970,Graduation,Married,28164.00,GER,0
1726,1970,Graduation,Single,22585.00,SP,1
1802,1971,Graduation,Married,64795.00,SP,0
1162,1987,PhD,Single,42000.00,SP,1
10643,1987,PhD,Single,42000.00,AUS,1
11112,1966,Graduation,Together,70713.00,SP,0
2114,1946,PhD,Single,82800.00,US,1
4261,1946,PhD,Single,82800.00,SA,1
2457,1975,Basic,Married,30801.00,SP,0
2495,1974,Master,Married,83891.00,SP,0
6983,1950,Master,Divorced,38054.00,IND,0
3436,1969,Graduation,Married,14045.00,SP,0
7505,1957,PhD,Married,44155.00,SP,0
4286,1970,PhD,Single,57642.00,IND,0
7224,1977,Graduation,Married,31353.00,IND,0
6215,1977,Graduation,Married,31353.00,SA,1
968,1968,Master,Divorced,41335.00,AUS,0
4096,1968,Master,Divorced,41335.00,US,0
3153,1957,PhD,Single,40737.00,SA,0
6504,1975,2n Cycle,Together,19789.00,SP,0
5329,1949,PhD,Divorced,35946.00,AUS,0
1175,1983,Master,Married,36262.00,SP,1
1377,1954,Master,Widow,44551.00,SA,0
4607,1959,Graduation,Together,71367.00,SP,0
4944,1959,Graduation,Together,71367.00,SP,0
9483,1959,Graduation,Together,57957.00,CA,0
1378,1972,2n Cycle,Together,50334.00,SA,0
5991,1949,Master,Married,48150.00,GER,0
2807,1969,Graduation,Married,56796.00,SP,0
1052,1969,Graduation,Married,56796.00,AUS,0
9760,1963,PhD,Widow,52278.00,SA,1
7101,1963,PhD,Widow,52278.00,SP,0
9909,1996,2n Cycle,Married,7500.00,AUS,1
5907,1952,Master,Married,33444.00,SP,0
793,1973,Graduation,Married,20895.00,AUS,0
8832,1976,Master,Together,37509.00,GER,0
2535,1978,Master,Married,88097.00,SP,1
1523,1973,Graduation,Married,59041.00,SA,0
1839,1974,Graduation,Single,43322.00,IND,0
9972,1955,PhD,Together,46015.00,SA,0
2945,1955,PhD,Together,46015.00,CA,0
9291,1959,Master,Married,34242.00,SP,0
2829,1955,Graduation,Married,65210.00,CA,0
8594,1958,PhD,Widow,50520.00,SP,0
1592,1970,Graduation,Married,90765.00,CA,0
4310,1944,Graduation,Married,80589.00,AUS,1
6950,1958,Master,Married,49572.00,CA,0
8492,1978,Graduation,Together,75437.00,SP,0
5684,1971,Master,Divorced,44635.00,SP,0
5909,1964,Graduation,Married,58512.00,GER,0
9855,1952,PhD,Single,62000.00,SP,0
975,1956,Graduation,Single,54252.00,AUS,0
8754,1974,PhD,Together,45068.00,SP,0
1456,1979,Graduation,Single,60474.00,IND,0
2849,1979,Graduation,Single,60474.00,CA,0
9984,1981,2n Cycle,Married,56337.00,SP,1
5527,1987,Graduation,Together,22434.00,SP,0
5628,1982,Graduation,Together,61416.00,US,0
7627,1975,Master,Married,92163.00,SP,1
1351,1956,Master,Together,58656.00,SP,0
10629,1973,2n Cycle,Married,,GER,0
10395,1986,Basic,Single,8940.00,SP,0
6961,1974,Graduation,Married,26751.00,SP,0
10196,1978,Graduation,Married,71427.00,US,0
6182,1984,Graduation,Together,26646.00,US,0
10432,1974,Graduation,Divorced,19346.00,CA,0
1542,1975,Graduation,Single,56243.00,US,0
4220,1970,PhD,Married,59892.00,CA,0
4141,1965,Graduation,Together,71613.00,US,0
1940,1986,Graduation,Married,25252.00,AUS,0
1506,1975,Graduation,Single,42160.00,SP,1
6347,1979,Basic,Single,15862.00,SP,0
1361,1974,Master,Married,82584.00,SP,1
9422,1989,Graduation,Married,38360.00,AUS,0
1081,1957,PhD,Married,75283.00,SA,0
7458,1956,Master,Together,34941.00,AUS,0
1012,1952,Graduation,Single,61823.00,AUS,0
5453,1956,Master,Married,90226.00,SA,0
6818,1974,Graduation,Married,44989.00,SP,0
7807,1974,Graduation,Married,44989.00,SP,0
7532,1980,Graduation,Married,43586.00,GER,0
8346,1974,Graduation,Single,32233.00,SP,1
5564,1969,Graduation,Together,62882.00,AUS,0
3267,1963,Master,Together,57288.00,CA,0
3091,1981,2n Cycle,Together,75774.00,SA,0
762,1981,2n Cycle,Together,75774.00,SP,0
8029,1988,Master,Single,90247.00,US,1
4376,1960,2n Cycle,Single,32218.00,SP,1
10981,1988,Graduation,Married,84219.00,SA,0
486,1988,Graduation,Married,84219.00,CA,0
1158,1966,Graduation,Divorced,48877.00,SP,0
9119,1950,Graduation,Together,60905.00,US,0
6694,1964,Graduation,Married,75236.00,SP,0
10573,1953,Graduation,Divorced,62551.00,IND,0
10140,1983,PhD,Together,70123.00,IND,0
2286,1962,Graduation,Single,50785.00,CA,0
8420,1970,2n Cycle,Married,15315.00,SP,0
10065,1970,2n Cycle,Married,15315.00,SP,0
1029,1970,PhD,Together,64413.00,SP,0
4207,1981,PhD,Married,87171.00,SP,0
10277,1961,Graduation,Single,30081.00,SP,0
4436,1976,Graduation,Single,20180.00,SP,0
2929,1976,Graduation,Single,20180.00,SP,0
6281,1966,Graduation,Divorced,55686.00,SP,0
10390,1959,2n Cycle,Married,26887.00,SP,0
2574,1977,PhD,Married,61996.00,SP,1
709,1952,Graduation,Divorced,51537.00,SA,0
5955,1962,Graduation,Together,72025.00,SP,0
8486,1971,Master,Together,30538.00,SP,0
10343,1991,2n Cycle,Single,61618.00,IND,0
6652,1965,Graduation,Married,77343.00,CA,0
8746,1989,Graduation,Married,75433.00,SP,0
4686,1962,PhD,Widow,82571.00,SP,0
3551,1954,Master,Together,60033.00,SP,0
4338,1983,Graduation,Single,39062.00,SP,0
4444,1972,Graduation,Married,30023.00,SP,0
498,1970,Graduation,Single,30015.00,SP,0
8230,1980,Graduation,Married,33228.00,SP,0
2826,1967,Graduation,Married,22574.00,SP,0
6222,1967,Graduation,Married,22574.00,SP,0
7352,1957,Graduation,Married,55267.00,CA,0
10928,1958,Graduation,Together,66886.00,SP,0
10736,1971,Graduation,Single,72258.00,CA,0
10163,1984,PhD,Single,82733.00,SP,1
6168,1963,Graduation,Divorced,45146.00,IND,0
4656,1990,2n Cycle,Single,51250.00,SA,0
626,1951,Graduation,Married,32871.00,US,0
3870,1978,2n Cycle,Together,63855.00,GER,0
6299,1968,PhD,Divorced,42564.00,CA,1
7798,1972,2n Cycle,Together,46344.00,CA,0
9973,1963,Graduation,Married,50437.00,SP,0
4299,1960,Graduation,Together,70971.00,SP,1
10971,1977,Graduation,Single,37774.00,SP,1
9931,1963,PhD,Married,4023.00,SP,0
6679,1966,Graduation,Single,33279.00,SP,0
5961,1978,Graduation,Married,42693.00,SP,0
6255,1952,Master,Together,70545.00,AUS,0
8614,1957,Graduation,Widow,65486.00,AUS,0
7828,1981,Master,Together,77882.00,SA,0
1277,1960,Graduation,Together,78468.00,US,0
3595,1963,Graduation,Together,77226.00,SP,0
5735,1991,Master,Single,90638.00,SP,0
5350,1991,Master,Single,90638.00,SA,1
4137,1948,Graduation,Together,70666.00,AUS,0
6357,1959,2n Cycle,Divorced,59052.00,SA,0
9316,1952,Basic,Together,13084.00,US,0
3578,1949,Graduation,Divorced,49160.00,SP,0
153,1953,Graduation,Divorced,23272.00,SP,0
10524,1963,Master,Divorced,49476.00,CA,0
1518,1965,Master,Married,62694.00,SP,0
2036,1973,PhD,Together,57906.00,IND,0
9495,1982,Graduation,Together,71853.00,SP,0
2631,1982,Graduation,Together,71853.00,SP,0
6312,1959,Graduation,Married,65031.00,GER,0
615,1960,Graduation,Together,30507.00,SP,0
4406,1970,Graduation,Together,67419.00,CA,0
10061,1950,Graduation,Married,59462.00,US,0
10619,1994,Graduation,Single,95529.00,SA,1
4945,1953,Graduation,Widow,53653.00,SP,0
1777,1980,Basic,Married,25965.00,SP,0
4023,1970,Graduation,Married,22979.00,SP,1
7922,1951,PhD,Single,64950.00,SA,0
10699,1985,Graduation,Married,44322.00,SA,0
7516,1983,Graduation,Married,30096.00,GER,0
3129,1983,Graduation,Married,30096.00,SP,0
5121,1977,Graduation,Single,56628.00,CA,0
2186,1977,2n Cycle,Together,82326.00,SP,1
10548,1995,Graduation,Single,71163.00,GER,0
6384,1978,Graduation,Divorced,71022.00,US,0
2625,1954,2n Cycle,Single,42607.00,SA,0
1676,1975,Graduation,Married,43057.00,SP,0
5534,1975,Master,Married,47808.00,SP,0
6859,1987,Graduation,Single,29236.00,SP,0
271,1969,Graduation,Widow,40590.00,CA,0
7699,1969,Graduation,Widow,40590.00,CA,0
7832,1959,Master,Married,77520.00,SP,1
938,1981,Graduation,Married,40211.00,SP,0
7873,1973,PhD,Together,63516.00,CA,0
9967,1974,Graduation,Divorced,53034.00,US,0
1087,1975,Master,Together,22669.00,SP,1
8314,1982,Graduation,Married,79908.00,SP,0
3762,1986,PhD,Single,69867.00,SA,1
10383,1966,Graduation,Divorced,70287.00,AUS,1
6798,1966,Graduation,Single,37070.00,SA,1
4168,1966,Graduation,Single,37070.00,SP,1
6690,1966,Master,Married,38179.00,SA,0
10602,1983,Graduation,Married,39922.00,IND,0
3220,1983,Graduation,Married,39922.00,GER,0
5424,1983,Graduation,Married,39922.00,SA,0
7488,1963,Master,Single,64191.00,SP,0
5289,1975,2n Cycle,Single,41658.00,AUS,0
347,1976,Graduation,Divorced,40780.00,CA,0
5236,1979,Graduation,Together,77568.00,SP,0
9478,1985,Graduation,Single,66503.00,SP,0
477,1986,Graduation,Married,83512.00,SP,1
7411,1964,PhD,Married,31686.00,SA,0
3107,1976,Graduation,Together,71322.00,AUS,0
7437,1988,Graduation,Single,27938.00,AUS,0
255,1951,Graduation,Divorced,22263.00,SP,0
3790,1956,Graduation,Together,34633.00,SA,0
749,1981,Graduation,Together,42162.00,SP,1
1503,1976,PhD,Together,162397.00,SP,0
8650,1978,Graduation,Widow,54162.00,SP,0
607,1955,2n Cycle,Divorced,41769.00,IND,0
1008,1981,PhD,Together,44953.00,GER,0
9396,1978,PhD,Married,37717.00,SA,0
933,1978,PhD,Married,37717.00,SP,0
5710,1970,Graduation,Together,40548.00,AUS,0
2882,1975,2n Cycle,Divorced,67893.00,SA,0
2379,1953,Graduation,Single,69267.00,SA,1
5342,1976,Basic,Divorced,9548.00,CA,0
3262,1958,Graduation,Single,68281.00,SP,1
5832,1960,2n Cycle,Together,92556.00,SP,0
5025,1979,Graduation,Single,48526.00,SP,0
569,1991,Graduation,Single,90273.00,SP,1
3102,1981,2n Cycle,Together,19414.00,CA,0
9449,1958,PhD,Single,79761.00,SA,0
8104,1951,PhD,Married,53312.00,SP,0
75,1982,2n Cycle,Together,41039.00,US,0
6421,1961,Graduation,Together,88347.00,SP,0
3037,1983,PhD,Married,50150.00,CA,0
4698,1983,PhD,Married,50150.00,SP,0
948,1971,Graduation,Single,10245.00,SP,0
6177,1985,PhD,Married,33454.00,US,0
3517,1952,Graduation,Single,40887.00,SP,1
3491,1975,Graduation,Together,55914.00,US,0
7610,1983,Graduation,Together,37292.00,SP,0
4377,1971,Graduation,Married,52914.00,CA,0
9850,1972,2n Cycle,Married,24884.00,SP,0
5544,1970,Graduation,Single,67384.00,SP,0
6497,1960,Graduation,Married,51651.00,AUS,0
4543,1980,Graduation,Married,82497.00,SA,0
5117,1963,2n Cycle,Married,32632.00,SP,0
1448,1963,Master,Married,33562.00,IND,0
6887,1967,Graduation,Single,79146.00,GER,0
7500,1967,Graduation,Single,79146.00,SP,0
2724,1981,Master,Single,36143.00,SP,0
2256,1973,Master,Married,27159.00,SP,0
1100,1960,Master,Together,41275.00,CA,0
7725,1965,2n Cycle,Married,76800.00,IND,0
2612,1987,Graduation,Married,75794.00,SA,0
113,1951,Graduation,Married,30833.00,SP,0
2868,1949,PhD,Single,26518.00,US,1
4216,1981,Graduation,Single,91065.00,SP,1
199,1962,Master,Single,45183.00,CA,0
359,1950,Graduation,Together,48070.00,SP,0
8842,1971,Graduation,Widow,30372.00,SP,0
2154,1971,Graduation,Widow,30372.00,SP,0
6050,1975,2n Cycle,Married,57036.00,IND,0
9204,1970,Graduation,Widow,66731.00,SP,0
4472,1970,PhD,Divorced,35682.00,AUS,0
6864,1989,Master,Divorced,10979.00,AUS,0
10617,1989,Master,Divorced,10979.00,SP,0
3924,1965,PhD,Divorced,57912.00,SA,0
5654,1972,Graduation,Married,36026.00,AUS,0
9216,1971,Graduation,Married,35788.00,CA,0
8086,1959,Graduation,Married,42243.00,SA,0
9097,1956,Graduation,Divorced,46086.00,SP,0
7631,1978,Master,Together,61346.00,IND,0
7275,1971,Master,Single,33316.00,US,0
8334,1971,Master,Single,33316.00,SP,0
1987,1987,Basic,Single,21063.00,SP,0
2281,1970,Graduation,Single,33697.00,GER,0
7034,1978,2n Cycle,Married,25804.00,CA,0
2797,1977,Graduation,Married,72117.00,SP,0
3934,1966,Graduation,Married,61286.00,IND,0
2493,1966,Graduation,Married,61286.00,GER,0
3759,1958,Graduation,Together,65196.00,SP,0
965,1971,Graduation,Divorced,55635.00,US,0
7378,1981,Master,Together,42021.00,SP,0
1859,1972,Master,Married,75251.00,GER,1
6263,1968,Graduation,Together,35322.00,SP,0
2072,1969,PhD,Together,53374.00,CA,1
8908,1959,Graduation,Married,87195.00,CA,1
738,1981,2n Cycle,Single,42395.00,IND,0
10129,1966,Graduation,Together,82427.00,SP,0
807,1969,Master,Together,44602.00,IND,0
3334,1951,Graduation,Married,94642.00,SP,0
5423,1983,Graduation,Together,28359.00,SA,0
4426,1975,Graduation,Single,55801.00,US,0
10489,1973,Graduation,Married,92955.00,SA,1
2570,1968,Graduation,Together,56534.00,SP,1
3834,1962,Graduation,Single,69627.00,US,0
590,1970,Master,Divorced,78579.00,SP,1
4791,1980,Graduation,Together,44964.00,AUS,0
5304,1974,PhD,Single,30899.00,SA,0
2426,1964,PhD,Divorced,78825.00,SP,1
35,1987,Graduation,Married,25545.00,SP,1
8041,1971,PhD,Widow,47111.00,SA,0
3584,1955,PhD,Single,49667.00,CA,1
7718,1947,Master,Together,66000.00,SP,0
8605,1964,PhD,Together,46910.00,SP,0
1646,1972,Basic,Married,25224.00,CA,0
9206,1968,Graduation,Together,77382.00,SP,0
10757,1967,PhD,Divorced,28420.00,SP,0
6885,1977,Graduation,Divorced,32952.00,CA,0
907,1975,Graduation,Married,46149.00,SP,0
1150,1899,PhD,Together,83532.00,SP,0
3867,1947,PhD,Together,73059.00,SP,0
3859,1947,PhD,Together,73059.00,SA,0
3265,1959,Graduation,Married,35701.00,SP,0
4418,1983,Master,Single,89616.00,CA,1
4611,1970,Graduation,Together,105471.00,SP,1
4530,1948,Master,Widow,78427.00,GER,1
7736,1986,Graduation,Married,22518.00,SP,1
9949,1976,Graduation,Married,59809.00,CA,0
942,1982,Graduation,Single,39660.00,SP,1
6181,1950,2n Cycle,Together,52203.00,US,0
7660,1973,PhD,Alone,35860.00,CA,1
2055,1973,PhD,Divorced,35860.00,SP,0
5107,1973,PhD,Divorced,35860.00,SP,0
1626,1973,PhD,Divorced,35860.00,SA,1
6428,1950,PhD,Widow,76842.00,SP,0
9617,1951,Graduation,Single,15033.00,SA,0
4339,1970,PhD,Married,67353.00,AUS,0
7235,1975,2n Cycle,Married,17003.00,GER,0
8527,1965,Master,Together,65735.00,SP,0
1968,1971,Graduation,Widow,45684.00,SA,0
9862,1969,Graduation,Together,21918.00,CA,0
11075,1978,Graduation,Married,51267.00,CA,0
6658,1972,Graduation,Together,59868.00,SP,0
4552,1991,Graduation,Married,51373.00,SP,0
10377,1958,Master,Together,46692.00,SP,0
5336,1971,Master,Together,157733.00,SP,0
10350,1950,PhD,Married,54432.00,SP,0
11071,1984,Graduation,Single,79607.00,CA,1
11100,1972,Graduation,Divorced,51813.00,CA,0
6516,1989,Basic,Married,17487.00,AUS,0
1734,1968,PhD,Together,40706.00,SA,0
2131,1959,PhD,Divorced,62859.00,SP,0
6439,1958,Graduation,Married,61074.00,SA,0
10591,1969,Graduation,Widow,43638.00,SP,0
9797,1956,Graduation,Married,58116.00,SP,0
9336,1969,PhD,Widow,62187.00,SP,0
2174,1954,Graduation,Single,46344.00,US,0
3197,1980,Graduation,Married,77353.00,SP,0
9185,1966,PhD,Single,69759.00,SP,1
905,1986,Graduation,Divorced,21846.00,SA,0
10858,1975,Graduation,Together,76532.00,SP,0
8925,1965,Master,Married,70053.00,SP,0
2499,1958,2n Cycle,Single,75342.00,SP,0
1109,1982,Master,Together,27590.00,SP,0
326,1973,Graduation,Married,51148.00,IND,0
10967,1963,Graduation,Divorced,33378.00,SA,0
5370,1973,PhD,Married,32644.00,SP,0
2098,1969,PhD,Married,33581.00,SP,0
1773,1978,2n Cycle,Married,12393.00,SA,0
5036,1984,PhD,Single,42710.00,SP,0
4856,1957,2n Cycle,Married,82347.00,IND,0
8722,1957,2n Cycle,Married,82347.00,CA,1
2156,1955,PhD,Married,22554.00,SP,0
2569,1987,Graduation,Married,17323.00,US,0
10151,1960,Graduation,Divorced,62204.00,SP,0
10473,1956,PhD,Widow,78028.00,SP,1
7079,1962,Graduation,Divorced,63887.00,SA,0
6875,1965,PhD,Together,32727.00,CA,0
6728,1985,Graduation,Together,29103.00,SP,0
2471,1965,Graduation,Married,61482.00,SA,0
49,1970,Graduation,Single,20587.00,CA,0
4973,1970,Graduation,Single,20587.00,CA,0
6387,1976,PhD,Together,52190.00,SA,0
5866,1974,Graduation,Together,48186.00,SP,0
8523,1968,Graduation,Married,19329.00,CA,0
7901,1971,Master,Married,34109.00,AUS,0
898,1986,Graduation,Married,23477.00,SP,0
10242,1966,PhD,Together,47472.00,SP,0
5835,1976,PhD,Divorced,14849.00,SP,0
6919,1978,2n Cycle,Married,26224.00,SP,0
6197,1962,PhD,Single,27238.00,SP,0
10475,1970,Master,Together,,US,0
4201,1962,Graduation,Single,57967.00,IND,0
5092,1949,PhD,Widow,51569.00,SP,1
6566,1954,PhD,Married,72550.00,AUS,0
6613,1970,Master,Married,44511.00,AUS,0
9094,1955,2n Cycle,Married,62972.00,SP,1
9847,1955,2n Cycle,Married,62972.00,SP,0
10767,1989,PhD,Together,77845.00,US,0
7943,1975,PhD,Married,36663.00,SA,0
1055,1976,Master,Married,53204.00,GER,0
1458,1982,Master,Married,21059.00,SP,0
8402,1953,Master,Married,67087.00,AUS,0
6246,1953,Graduation,Single,73892.00,CA,1
4654,1992,Graduation,Together,75114.00,SA,0
6103,1948,Graduation,Married,42192.00,AUS,0
8147,1960,Graduation,Married,31454.00,SP,0
10207,1978,Graduation,Together,22775.00,SA,0
4838,1978,Graduation,Together,22775.00,IND,0
10219,1972,Graduation,Together,31590.00,CA,0
2176,1972,Graduation,Married,80134.00,SA,1
9121,1972,Graduation,Married,80134.00,AUS,1
5802,1972,Basic,Married,14188.00,GER,0
10790,1985,PhD,Married,18169.00,SP,0
178,1956,Graduation,Married,62503.00,SP,0
2308,1954,Graduation,Married,46734.00,SP,0
7431,1991,PhD,Single,68126.00,CA,1
9405,1954,PhD,Married,52869.00,SA,1
10525,1986,Graduation,Single,26576.00,SP,1
7503,1976,Graduation,Single,75825.00,GER,1
8783,1950,Graduation,Married,57045.00,AUS,0
1403,1975,2n Cycle,Together,34984.00,SP,0
4643,1973,Graduation,Married,27803.00,AUS,0
3463,1975,PhD,Married,69283.00,IND,0
4055,1992,Basic,Single,18746.00,SP,0
7010,1965,2n Cycle,Married,70924.00,SP,0
4767,1965,2n Cycle,Married,70924.00,SP,0
1927,1973,2n Cycle,Together,69401.00,GER,0
437,1976,Master,Divorced,75012.00,AUS,0
4331,1978,Master,Together,85738.00,SP,0
4084,1975,Graduation,Together,60934.00,CA,0
8135,1986,Master,Married,27161.00,SA,0
9750,1961,PhD,Divorced,64325.00,SP,0
6682,1973,Basic,Married,18978.00,SP,0
10581,1977,Graduation,Married,41124.00,SP,0
3710,1984,PhD,Single,39684.00,SP,1
5207,1963,PhD,Married,53378.00,SP,1
9360,1982,Graduation,Married,37040.00,US,0
4679,1977,Master,Married,78710.00,SP,0
1340,1986,Graduation,Married,92910.00,SP,0
10839,1976,Graduation,Together,36283.00,CA,0
5303,1974,PhD,Together,79632.00,SA,0
9829,1978,Graduation,Together,28587.00,SP,0
10469,1981,Graduation,Together,88325.00,IND,0
3602,1958,Master,Married,51412.00,SP,0
4756,1952,2n Cycle,Divorced,63998.00,SP,1
8181,1978,2n Cycle,Single,38593.00,SP,0
6958,1977,Master,Married,27889.00,AUS,0
10856,1980,2n Cycle,Single,45889.00,CA,0
3321,1967,PhD,Together,56575.00,CA,0
5394,1979,Basic,Single,16014.00,SP,0
433,1958,Master,Alone,61331.00,CA,0
6320,1976,Master,Single,70893.00,SP,0
5376,1979,Graduation,Married,2447.00,US,0
1867,1957,Graduation,Single,64849.00,SP,1
4324,1989,Graduation,Married,42387.00,SP,0
3661,1995,2n Cycle,Single,80617.00,IND,0
521,1985,Graduation,Together,54006.00,SP,0
10403,1978,Graduation,Together,16531.00,CA,0
7186,1966,PhD,Together,30843.00,IND,0
4329,1984,PhD,Married,18988.00,AUS,0
4394,1965,PhD,Married,81051.00,SP,0
1717,1988,Graduation,Single,39747.00,SA,0
1016,1959,PhD,Single,34554.00,CA,0
3783,1959,PhD,Married,52854.00,SA,0
5848,1970,Graduation,Together,81205.00,IND,1
10727,1970,PhD,Married,69084.00,SP,0
5299,1970,PhD,Married,69084.00,SP,0
6872,1974,PhD,Married,65352.00,SA,0
1143,1972,Graduation,Married,22063.00,CA,0
10381,1979,Graduation,Single,47691.00,SP,0
11007,1968,PhD,Married,29187.00,SP,0
9145,1972,Graduation,Single,72504.00,CA,0
5267,1970,Graduation,Divorced,33986.00,SP,0
9738,1986,Master,Together,42386.00,SA,0
10212,1986,Master,Together,42386.00,IND,0
10010,1953,PhD,Divorced,36957.00,AUS,1
10069,1988,Basic,Together,13724.00,SA,0
2694,1967,Graduation,Married,42664.00,SP,0
10613,1958,PhD,Together,37334.00,SP,0
4646,1951,2n Cycle,Married,78497.00,CA,0
6935,1951,2n Cycle,Married,78497.00,IND,0
5596,1956,2n Cycle,Together,58821.00,SA,0
1044,1953,Graduation,Together,58398.00,AUS,0
9274,1961,Master,Married,80950.00,SA,0
9076,1980,PhD,Married,30732.00,SA,0
4947,1966,2n Cycle,Single,89572.00,SP,1
10176,1968,Graduation,Single,57107.00,SP,1
3507,1970,Graduation,Single,76467.00,US,1
9235,1957,Graduation,Single,,GER,0
10341,1948,Graduation,Together,51315.00,AUS,0
2639,1966,Graduation,Single,43602.00,SA,0
6201,1978,Graduation,Single,38643.00,SP,0
7397,1951,Graduation,Single,49090.00,SP,0
2181,1970,Graduation,Married,70617.00,SP,0
1204,1970,PhD,Married,67536.00,SA,0
1170,1975,Graduation,Married,27573.00,SP,0
8812,1979,2n Cycle,Divorced,13533.00,SP,0
4690,1953,Graduation,Married,50725.00,CA,0
1715,1978,Graduation,Together,25851.00,AUS,0
10821,1978,Graduation,Married,57113.00,SP,0
6543,1945,Master,Together,62847.00,CA,0
7119,1982,Graduation,Single,68627.00,SA,0
3518,1983,Graduation,Married,25271.00,IND,0
1245,1966,Graduation,Single,63810.00,SP,0
2561,1966,Graduation,Single,63810.00,GER,0
9624,1958,PhD,Together,65488.00,SP,0
10509,1955,Master,Single,36927.00,US,0
7629,1977,Graduation,Married,22108.00,SP,0
7875,1949,Graduation,Married,72025.00,AUS,1
2815,1975,Graduation,Married,33183.00,SP,0
2936,1982,Master,Together,23661.00,SA,0
3665,1977,2n Cycle,Together,25315.00,SP,0
10888,1961,Graduation,Single,45938.00,US,0
6637,1988,Graduation,Single,66951.00,IND,0
5077,1979,Graduation,Together,77298.00,CA,0
6173,1979,Graduation,Together,77298.00,SP,0
3969,1974,Master,Together,43018.00,GER,0
4580,1969,Graduation,Married,75759.00,SA,1
663,1989,PhD,Single,33996.00,SP,0
8299,1989,PhD,Single,33996.00,SA,0
8945,1970,Graduation,Divorced,54137.00,SA,0
10870,1967,Graduation,Married,61223.00,SA,0
1184,1968,PhD,Divorced,69674.00,SA,0
6141,1972,Master,Single,49494.00,CA,0
8825,1962,Graduation,Together,51195.00,SA,0
2217,1975,2n Cycle,Married,37284.00,IND,0
4102,1975,2n Cycle,Married,37284.00,SP,0
4653,1978,Graduation,Together,42011.00,SA,0
10092,1954,Graduation,Divorced,70044.00,SP,0
5788,1972,Graduation,Together,46053.00,GER,0
4669,1981,Basic,Married,24480.00,SA,0
6295,1977,Graduation,Married,54233.00,SP,0
7453,1954,Graduation,Single,36130.00,SP,1
10841,1975,PhD,Together,56559.00,SP,0
821,1992,Master,Single,92859.00,CA,0
3933,1980,Graduation,Together,44010.00,SA,0
1225,1963,Graduation,Married,80124.00,SA,0
7059,1963,Graduation,Married,80124.00,SP,0
5633,1980,Graduation,Married,50183.00,SA,0
843,1971,Graduation,Married,64722.00,SP,0
6211,1976,PhD,Together,37395.00,SP,0
7007,1968,Master,Married,29543.00,SP,0
9671,1968,Graduation,Married,19514.00,SP,1
8975,1968,Graduation,Married,19514.00,SP,0
6616,1975,Graduation,Together,59481.00,SP,0
6248,1947,Master,Single,91712.00,SP,1
7428,1975,Graduation,Together,80144.00,AUS,0
3075,1972,PhD,Married,59973.00,SP,0
2937,1974,PhD,Single,68352.00,CA,0
203,1975,Master,Single,81169.00,SP,0
2021,1975,Graduation,Married,61456.00,SP,0
880,1966,Basic,Together,22634.00,SP,0
524,1966,Basic,Together,22634.00,AUS,0
10837,1975,Graduation,Married,23957.00,CA,1
7011,1973,Graduation,Married,33471.00,SA,0
4184,1950,PhD,Together,52157.00,SP,0
7679,1985,PhD,Single,30298.00,SP,0
7485,1950,PhD,Widow,56551.00,SA,0
7530,1950,PhD,Widow,56551.00,SP,0
4369,1957,Master,Absurd,65487.00,CA,0
10652,1957,Master,Together,65487.00,CA,0
286,1952,Graduation,Single,44213.00,SP,0
5922,1974,PhD,Married,40344.00,SP,0
7250,1978,Graduation,Together,57867.00,CA,0
2478,1973,Graduation,Married,25410.00,SP,0
1160,1970,Graduation,Married,13260.00,SP,0
9214,1991,Graduation,Married,42691.00,SP,0
273,1970,Master,Married,36138.00,GER,0
851,1972,Master,Married,57136.00,CA,0
9729,1955,Graduation,Widow,58275.00,GER,0
9665,1957,PhD,Divorced,54237.00,SA,0
2620,1974,PhD,Married,34596.00,SA,1
8254,1974,PhD,Married,34596.00,GER,0
3852,1961,Master,Together,74881.00,IND,0
1000,1961,Master,Together,74881.00,SP,0
3099,1970,Graduation,Divorced,44267.00,SP,0
6318,1988,Graduation,Married,68487.00,CA,0
5396,1988,Graduation,Married,68487.00,AUS,0
7966,1959,Graduation,Single,80982.00,SP,0
454,1980,Graduation,Together,69508.00,SA,0
309,1961,PhD,Together,63342.00,SA,0
3571,1961,PhD,Together,63342.00,SP,1
8395,1961,Graduation,Single,82014.00,SA,1
2591,1959,Graduation,Widow,76320.00,US,0
1640,1954,Graduation,Divorced,64587.00,SP,0
810,1975,Graduation,Married,74190.00,SP,0
9423,1979,Master,Married,32765.00,SP,0
4345,1964,2n Cycle,Single,,AUS,0
89,1975,2n Cycle,Married,22212.00,SA,0
5294,1989,Graduation,Single,18358.00,SP,0
1321,1974,Graduation,Married,26067.00,CA,0
2686,1969,Basic,Together,22390.00,AUS,0
1215,1978,Graduation,Together,70440.00,SP,0
9283,1978,Graduation,Single,60199.00,CA,0
3120,1981,Graduation,Together,38547.00,CA,0
5868,1980,Graduation,Married,19107.00,CA,0
8143,1985,PhD,Single,37929.00,SP,1
3479,1950,Graduation,Single,16813.00,CA,0
7214,1957,Graduation,Married,62187.00,SP,0
5543,1966,Graduation,Together,57811.00,SP,0
9347,1956,Master,Together,50943.00,SP,0
10160,1956,Master,Together,50943.00,SP,0
1406,1975,Graduation,Single,53201.00,SP,0
7019,1963,Graduation,Together,54414.00,SA,0
2157,1972,Graduation,Together,26290.00,CA,0
8939,1959,Graduation,Divorced,61250.00,SP,0
10250,1947,Basic,Together,28389.00,SP,0
1272,1965,Master,Single,55250.00,AUS,0
3007,1966,Graduation,Together,37758.00,IND,0
5513,1966,Graduation,Together,37758.00,SP,0
679,1957,PhD,Married,37633.00,SP,0
8876,1963,PhD,Together,33629.00,SP,0
10827,1967,PhD,Married,36947.00,AUS,0
7300,1952,Graduation,Divorced,69142.00,IND,0
4268,1959,Graduation,Married,53154.00,US,0
4603,1960,PhD,Married,65695.00,SP,0
8659,1952,PhD,Together,69805.00,GER,0
10708,1978,2n Cycle,Single,36975.00,SP,0
1176,1973,Graduation,Married,26228.00,SP,0
10380,1972,Master,Married,37787.00,IND,0
7037,1974,PhD,Married,37087.00,SA,0
11096,1952,2n Cycle,Together,57247.00,SP,0
6374,1954,PhD,Married,36930.00,SP,0
5552,1963,Master,Divorced,48721.00,SA,0
2245,1969,Master,Married,43641.00,SP,0
6200,1951,Graduation,Married,75903.00,SP,0
9904,1956,Graduation,Married,71391.00,CA,0
10031,1976,PhD,Married,16927.00,SA,0
6642,1961,Graduation,Divorced,27215.00,SA,0
10882,1976,Graduation,Married,53858.00,SP,0
5636,1963,Graduation,Single,30983.00,IND,1
8692,1952,Graduation,Together,43462.00,SP,0
8091,1956,Graduation,Married,63943.00,IND,0
8080,1986,Graduation,Single,26816.00,IND,0
8370,1976,2n Cycle,Together,75484.00,CA,0
4550,1966,Master,Together,33564.00,SP,0
3381,1953,Master,Married,54348.00,CA,0
10556,1959,Graduation,Married,54984.00,SP,0
9467,1984,Graduation,Single,34738.00,SP,0
2891,1963,Graduation,Divorced,68118.00,US,0
5011,1963,Graduation,Divorced,68118.00,SP,0
8140,1973,Graduation,Together,22682.00,AUS,0
11039,1975,Graduation,Married,51948.00,SP,0
78,1969,Graduation,Married,25293.00,SP,0
5517,1969,Graduation,Married,25293.00,AUS,0
5290,1964,PhD,Married,41551.00,CA,0
4128,1962,PhD,Together,56067.00,SA,0
8534,1952,Graduation,Married,67433.00,SP,0
9592,1983,Graduation,Together,22010.00,SP,0
8957,1952,2n Cycle,Single,64831.00,SA,0
9308,1954,Graduation,Married,62820.00,SA,0
544,1954,Graduation,Married,62820.00,SP,0
5989,1959,2n Cycle,Divorced,78353.00,CA,0
635,1966,Master,Married,57183.00,SP,0
6673,1965,Graduation,Single,23478.00,US,0
1710,1978,Graduation,Single,30168.00,SP,0
523,1989,Graduation,Married,37155.00,SP,0
8977,1985,Basic,Single,16581.00,SP,0
9736,1980,Graduation,Married,41850.00,US,0
1544,1967,Master,Divorced,81380.00,CA,0
6575,1981,Graduation,Together,56386.00,SA,0
6147,1971,Graduation,Divorced,25818.00,GER,0
6354,1984,Graduation,Together,15345.00,SP,1
4769,1977,Master,Together,57954.00,SP,0
7540,1952,Graduation,Married,50300.00,SP,0
5247,1955,PhD,Married,38725.00,SP,0
5987,1989,2n Cycle,Together,10404.00,SP,0
9960,1991,Basic,Single,26868.00,SA,0
10972,1949,Graduation,Widow,72298.00,SP,0
1399,1958,Graduation,Married,72905.00,SP,0
2698,1976,Graduation,Single,47025.00,US,0
6340,1985,Graduation,Single,29938.00,SA,0
4107,1948,PhD,Together,46681.00,SP,0
10906,1948,PhD,Together,46681.00,SA,0
2557,1970,Master,Single,29548.00,SP,0
8786,1956,Master,Married,62058.00,GER,0
7187,1969,Master,Together,,AUS,0
6119,1963,PhD,Single,36736.00,SP,0
2980,1952,Master,Single,8820.00,CA,0
3850,1963,Basic,Together,14918.00,IND,0
1077,1974,Graduation,Together,56715.00,SP,0
9733,1978,Basic,Together,24882.00,IND,0
8462,1978,Basic,Together,24882.00,SP,0
4764,1952,Master,Together,40442.00,SA,1
2223,1965,2n Cycle,Divorced,64176.00,SP,0
7788,1983,PhD,Married,23536.00,SP,0
5827,1958,Graduation,Divorced,35246.00,SA,0
2958,1978,Graduation,Married,28442.00,SP,0
4954,1956,Graduation,Married,48195.00,SP,0
3139,1982,2n Cycle,Single,74116.00,SA,0
9952,1947,Master,Together,78093.00,SA,0
8180,1952,Master,Divorced,59354.00,US,0
3276,1976,2n Cycle,Together,36301.00,SA,0
4994,1943,Master,Single,77598.00,SP,0
3598,1972,Graduation,Married,62710.00,SP,0
945,1965,Graduation,Together,36317.00,SP,0
5048,1971,PhD,Single,42767.00,SA,0
6214,1982,Master,Married,43815.00,SP,0
6230,1971,Graduation,Divorced,44421.00,SP,0
2968,1943,PhD,Divorced,48948.00,AUS,1
8800,1943,PhD,Divorced,48948.00,SA,1
1907,1950,Master,Divorced,63120.00,SP,1
10478,1950,PhD,Married,55517.00,SA,1
4188,1957,Graduation,Single,36864.00,AUS,1
8720,1978,2n Cycle,Together,,IND,0
2225,1977,Graduation,Divorced,82582.00,AUS,1
4790,1958,Graduation,Divorced,79803.00,SP,0
1131,1967,PhD,Single,52569.00,SA,0
202,1948,PhD,Widow,82032.00,IND,0
9589,1948,PhD,Widow,82032.00,IND,0
3900,1972,Graduation,Married,65685.00,CA,0
9958,1972,Graduation,Married,65685.00,AUS,0
8955,1957,PhD,Together,40451.00,SP,0
10033,1973,2n Cycle,Divorced,31163.00,GER,0
5751,1973,2n Cycle,Divorced,31163.00,CA,0
3308,1952,Graduation,Married,35704.00,SA,0
7297,1973,Graduation,Single,7500.00,SA,0
8008,1983,Graduation,Together,36075.00,SP,0
1232,1982,PhD,Together,70038.00,GER,0
2345,1982,PhD,Together,70038.00,AUS,0
1628,1971,Graduation,Together,71796.00,SA,0
5081,1967,2n Cycle,Together,47821.00,SP,0
839,1975,PhD,Married,45503.00,SP,0
3706,1978,Graduation,Single,28647.00,SP,1
5154,1972,Master,Divorced,37760.00,SP,0
8584,1952,PhD,Together,85431.00,SP,0
6583,1955,2n Cycle,Married,72635.00,SP,0
3433,1955,2n Cycle,Married,72635.00,SP,0
10486,1948,Graduation,Married,77142.00,SP,0
8687,1978,Graduation,Together,53172.00,IND,0
7842,1968,Graduation,Single,36065.00,SP,0
3749,1973,Graduation,Together,73926.00,CA,0
1331,1977,Graduation,Single,35790.00,AUS,0
5995,1962,Graduation,Divorced,39552.00,SP,1
8985,1964,2n Cycle,Together,68316.00,SP,0
2798,1977,PhD,Together,102160.00,SA,1
7108,1965,Master,Widow,51390.00,SA,0
2781,1981,Graduation,Single,72066.00,SA,1
3623,1976,Graduation,Together,21675.00,IND,0
194,1965,Graduation,Married,48006.00,SP,0
10833,1975,Graduation,Married,65106.00,SP,0
2315,1960,Graduation,Divorced,58401.00,SP,0
6336,1960,Graduation,Married,29315.00,SA,0
10738,1951,Master,Single,49389.00,AUS,0
8286,1965,PhD,Together,51717.00,SA,0
2166,1960,2n Cycle,Widow,46779.00,SA,0
10691,1960,Master,Married,28520.00,SP,0
9739,1963,Graduation,Single,34377.00,SP,0
1829,1961,PhD,Divorced,54959.00,SP,1
6260,1955,Master,Together,82384.00,AUS,1
10448,1956,Graduation,Single,46998.00,SP,0
1343,1968,Graduation,Together,58554.00,US,0
4749,1968,Graduation,Together,58554.00,IND,0
531,1954,PhD,Divorced,57333.00,SP,1
6905,1994,Graduation,Together,80685.00,SP,0
1045,1965,Graduation,Together,52117.00,SP,0
4012,1972,PhD,Together,62220.00,GER,1
5529,1946,PhD,Together,64014.00,CA,0
4001,1946,PhD,Together,64014.00,SA,0
10420,1955,Master,Divorced,46390.00,US,0
7723,1979,Graduation,Together,75507.00,GER,0
2963,1979,Graduation,Together,75507.00,AUS,0
10634,1951,Master,Married,59412.00,SP,0
5180,1968,PhD,Divorced,50616.00,SP,0
6866,1969,Master,Together,35924.00,SA,0
1328,1982,2n Cycle,Married,57937.00,SA,0
1139,1984,PhD,Married,73356.00,SP,1
4961,1974,Master,Together,21255.00,SP,0
5177,1974,Master,Married,58494.00,SA,0
2075,1969,Graduation,Married,72460.00,SA,0
3428,1991,PhD,Together,68682.00,SP,0
4500,1991,PhD,Together,68682.00,SP,0
7369,1981,Master,Married,36959.00,SP,0
4381,1971,PhD,Married,46463.00,SP,0
9964,1979,Graduation,Single,61825.00,SP,0
1630,1979,Graduation,Single,61825.00,SP,0
5012,1989,Graduation,Married,28691.00,SP,0
6918,1989,Graduation,Married,28691.00,SP,0
7822,1976,Graduation,Together,54058.00,SP,0
10156,1975,Graduation,Single,84196.00,SP,0
3033,1963,Master,Together,38620.00,AUS,0
4119,1963,Master,Together,38620.00,GER,0
11110,1973,Graduation,Single,3502.00,IND,0
332,1957,Graduation,Married,47743.00,SP,0
737,1949,PhD,Married,80360.00,SP,0
10319,1971,Graduation,Married,66303.00,SP,0
2683,1969,Graduation,Married,52413.00,CA,0
3445,1956,Graduation,Single,60714.00,SA,1
10913,1984,Master,Single,31385.00,SP,1
4427,1995,2n Cycle,Single,83257.00,SP,1
8717,1975,PhD,Married,80427.00,IND,0
2066,1949,Graduation,Together,38823.00,SP,0
3340,1977,Graduation,Married,42014.00,CA,1
8685,1977,Graduation,Married,42014.00,SA,1
4149,1948,PhD,Together,76140.00,SP,0
8726,1964,2n Cycle,Divorced,41713.00,CA,0
2295,1954,PhD,Married,62670.00,SA,0
3283,1972,2n Cycle,Married,70932.00,SP,0
1915,1951,PhD,Married,78939.00,GER,0
800,1960,Graduation,Together,44512.00,SA,0
9166,1968,Graduation,Married,63967.00,SP,0
5147,1948,Graduation,Single,90842.00,SP,0
13,1947,PhD,Widow,25358.00,SA,0
8557,1982,Graduation,Single,,AUS,0
8724,1982,Graduation,Single,28567.00,SP,0
9381,1978,Graduation,Married,66373.00,AUS,0
9384,1978,Graduation,Married,66373.00,AUS,0
3560,1952,Graduation,Together,83844.00,GER,0
241,1952,Graduation,Together,83844.00,SP,0
7521,1952,Graduation,Together,83844.00,CA,0
9799,1968,PhD,Divorced,83664.00,SP,0
5123,1951,Master,Married,27450.00,SP,0
448,1978,PhD,Single,54880.00,SP,0
4837,1965,PhD,Married,71322.00,SP,0
9365,1976,PhD,Single,60000.00,SP,0
8932,1969,Master,Together,65176.00,SA,0
7055,1952,PhD,Together,61010.00,CA,0
3537,1981,Graduation,Together,31089.00,SP,0
9081,1988,Graduation,Single,20518.00,SP,0
4988,1948,PhD,Married,34469.00,SA,0
1050,1952,Graduation,Married,28332.00,GER,0
5610,1965,Graduation,Together,33456.00,IND,0
3526,1968,PhD,Married,38443.00,SP,0
5136,1973,Graduation,Single,65333.00,CA,0
1411,1952,Graduation,Divorced,82623.00,SP,0
701,1971,Graduation,Married,73691.00,SP,0
6203,1947,Graduation,Together,74485.00,SP,0
7192,1955,Graduation,Together,65748.00,SP,0
5181,1982,Basic,Single,24367.00,SP,0
9220,1971,Graduation,Single,91700.00,SP,1
7734,1993,Graduation,Absurd,79244.00,AUS,1
10446,1957,PhD,Married,82017.00,CA,1
5524,1957,Graduation,Single,58138.00,US,1
3830,1953,Master,Married,59354.00,CA,0
5186,1955,PhD,Married,58482.00,CA,0
8514,1976,Graduation,Together,29478.00,SP,0
7165,1972,Graduation,Together,64474.00,SP,0
10236,1975,Master,Single,31160.00,SA,0
2392,1972,Graduation,Married,40321.00,SP,0
1920,1972,Graduation,Married,40321.00,SP,0
3673,1971,Graduation,Single,55239.00,SA,0
1453,1943,PhD,Widow,57513.00,SP,0
4518,1979,Graduation,Together,85693.00,CA,0
8969,1977,Graduation,Married,71855.00,SA,0
387,1976,Basic,Married,7500.00,US,0
1079,1971,PhD,Married,71969.00,IND,0
164,1977,PhD,Married,28973.00,SP,0
3434,1951,Graduation,Single,80872.00,SP,0
5721,1956,PhD,Married,84117.00,CA,0
8418,1958,2n Cycle,Single,38741.00,GER,0
5300,1973,Master,Married,38961.00,SP,0
10424,1968,Graduation,Single,75922.00,SA,0
11171,1965,Master,Married,56962.00,AUS,0
1600,1965,Master,Married,56962.00,SA,0
7851,1949,Graduation,Widow,70165.00,SP,0
10701,1973,Graduation,Married,65308.00,US,0
891,1951,Master,Together,29298.00,SP,0
6912,1967,PhD,Married,63246.00,SP,0
5967,1952,Graduation,Together,33402.00,GER,0
2109,1990,Graduation,Single,96843.00,SP,1
6292,1986,PhD,Married,82333.00,GER,1
8537,1949,Graduation,Widow,72643.00,SP,1
9576,1982,PhD,Together,32313.00,SP,0
5935,1956,Master,Single,55284.00,IND,0
10264,1979,Graduation,Divorced,15287.00,SA,1
234,1979,Graduation,Divorced,15287.00,SP,1
3202,1987,PhD,Married,51563.00,SA,0
1103,1976,Master,Married,81929.00,AUS,1
610,1953,PhD,Together,53593.00,AUS,0
4480,1973,Master,Married,60432.00,SA,0
10660,1957,Master,Married,66726.00,SP,0
9353,1959,Graduation,Single,62450.00,IND,0
4120,1975,2n Cycle,Single,49514.00,IND,0
2836,1972,PhD,Married,43269.00,GER,0
9579,1959,PhD,Married,33762.00,CA,0
5841,1966,Graduation,Together,60894.00,SP,0
3174,1959,Graduation,Together,87771.00,SP,1
5536,1959,Graduation,Together,87771.00,CA,1
2061,1955,Graduation,Married,50737.00,SP,0
8477,1956,Graduation,Divorced,26150.00,SP,0
640,1951,Graduation,Married,57304.00,SP,0
3828,1951,Graduation,Married,71107.00,SP,0
4093,1975,Master,Together,53253.00,CA,0
8624,1958,Graduation,Married,81320.00,SA,0
2802,1992,2n Cycle,Married,87000.00,AUS,0
368,1974,Graduation,Married,40049.00,IND,0
3599,1970,Graduation,Married,63684.00,SP,0
3389,1970,Graduation,Married,69016.00,SP,0
10710,1979,Graduation,Married,7500.00,SP,0
7118,1957,Graduation,Married,73803.00,CA,1
4937,1973,2n Cycle,Married,46094.00,SP,0
1127,1973,PhD,Married,85844.00,SP,0
833,1955,Master,Married,38452.00,SP,0
3565,1955,Master,Married,38452.00,SP,0
6086,1955,Graduation,Married,80395.00,AUS,0
1763,1988,Graduation,Together,87679.00,CA,1
4697,1949,Master,Divorced,35416.00,SA,0
182,1946,PhD,Together,44124.00,SP,0
1165,1958,PhD,Single,50729.00,SA,0
5386,1953,Graduation,Together,94384.00,SA,1
6024,1953,Graduation,Together,94384.00,SP,1
2678,1990,Graduation,Single,34412.00,AUS,0
5790,1985,Graduation,Married,31158.00,SP,0
236,1951,Graduation,Married,34838.00,CA,0
6001,1979,Graduation,Married,56775.00,SP,0
6250,1949,PhD,Widow,54356.00,SP,1
1168,1978,PhD,Married,72159.00,SP,0
10749,1991,Graduation,Single,8028.00,SP,0
2926,1952,Master,Together,55951.00,SA,0
716,1949,PhD,Together,67911.00,SP,0
6544,1949,PhD,Together,67911.00,GER,0
4298,1973,PhD,Together,20427.00,SP,0
5823,1970,PhD,Single,32303.00,IND,0
8375,1968,PhD,Married,55954.00,AUS,0
5723,1976,PhD,Together,49187.00,SP,0
5763,1972,Master,Together,49854.00,CA,0
8727,1978,Graduation,Divorced,63693.00,SA,0
3056,1978,Graduation,Divorced,63693.00,SA,0
8442,1985,Master,Married,19510.00,CA,0
3712,1959,Graduation,Divorced,52332.00,IND,0
10722,1973,Graduation,Together,55593.00,IND,0
2406,1949,Graduation,Together,54591.00,AUS,0
7313,1949,2n Cycle,Widow,74859.00,CA,0
2656,1971,Graduation,Divorced,40851.00,CA,0
1993,1949,PhD,Married,58607.00,US,0
4136,1992,Basic,Single,7500.00,SP,0
2928,1975,PhD,Single,52614.00,SP,0
2920,1975,PhD,Single,52614.00,ME,0
6661,1974,Graduation,Married,67445.00,SP,0
5462,1974,Graduation,Married,67445.00,IND,0
10897,1974,Graduation,Married,67445.00,AUS,0
10542,1968,PhD,Married,36778.00,SP,0
5756,1983,Graduation,Together,39453.00,SP,0
3570,1969,PhD,Together,42731.00,SA,0
1072,1965,PhD,Single,40760.00,CA,0
9606,1965,PhD,Married,69969.00,SP,1
2730,1955,Graduation,Single,80317.00,CA,0
2995,1957,Master,Together,66636.00,SP,0
8210,1975,Master,Married,54730.00,SP,0
773,1971,Master,Divorced,42835.00,IND,0
5272,1965,Master,Married,53843.00,SA,0
5125,1960,Graduation,Married,79530.00,SP,0
4391,1968,Master,Divorced,63841.00,SA,0
6283,1968,Master,Divorced,63841.00,SP,0
3421,1968,Master,Divorced,63841.00,AUS,0
5731,1983,Master,Married,27100.00,SP,0
7152,1983,Master,Married,27100.00,GER,0
3919,1976,Master,Single,72309.00,CA,1
6097,1959,Graduation,Single,50664.00,SA,0
5150,1979,Basic,Single,20194.00,SP,0
10479,1975,PhD,Married,76618.00,AUS,0
5966,1974,PhD,Married,45207.00,SP,0
3439,1972,Graduation,Married,56721.00,SP,0
6609,1966,Graduation,Widow,27038.00,SA,1
5393,1977,Graduation,Single,23763.00,SP,0
9014,1975,Graduation,Married,37085.00,IND,0
4050,1966,Master,Married,49605.00,CA,0
6862,1971,Graduation,Divorced,1730.00,SP,0
8315,1995,Graduation,Single,34824.00,US,0
5184,1995,Graduation,Single,34824.00,SP,0
3643,1974,Master,Married,63206.00,CA,0
2589,1972,Graduation,Divorced,26759.00,AUS,0
4887,1976,PhD,Divorced,55412.00,CA,0
10104,1974,Graduation,Together,33590.00,CA,0
3254,1971,Graduation,Married,70886.00,SP,0
2004,1969,Graduation,Single,72679.00,SP,0
6142,1943,Master,Married,65073.00,SP,0
8553,1965,Graduation,Married,44300.00,SP,0
9805,1953,Master,Together,56129.00,CA,0
849,1953,Master,Together,56129.00,SP,0
1606,1971,Graduation,Together,38590.00,SA,0
125,1958,2n Cycle,Together,53083.00,IND,0
9305,1976,2n Cycle,Single,79689.00,SP,0
4706,1966,Graduation,Single,34704.00,CA,0
4437,1962,Graduation,Married,65316.00,SP,0
3081,1978,PhD,Married,41014.00,SP,0
3536,1960,Graduation,Together,19740.00,IND,0
8686,1979,Basic,Together,23724.00,SP,0
9707,1969,PhD,Married,55212.00,SP,0
10872,1969,PhD,Married,55212.00,SP,0
9058,1955,Graduation,Widow,79800.00,SP,1
4640,1967,Graduation,Divorced,70647.00,SA,0
2525,1974,PhD,Married,38410.00,CA,1
9503,1980,Graduation,Single,28071.00,SP,0
10704,1969,Graduation,Single,54803.00,SP,0
2669,1993,Graduation,Single,74293.00,SP,0
10037,1993,Graduation,Single,74293.00,SA,0
5680,1984,2n Cycle,Married,35684.00,SP,0
3726,1986,PhD,Together,34320.00,SA,0
4548,1981,Graduation,Single,41967.00,CA,0
4599,1976,Master,Married,49681.00,CA,0
879,1976,Master,Married,49681.00,SA,0
7409,1970,Graduation,Together,53187.00,SP,0
1964,1951,Graduation,Together,86610.00,SP,0
0,1985,Graduation,Married,70951.00,SA,0
4860,1970,Graduation,Single,24206.00,SP,0
425,1985,Graduation,Married,55357.00,IND,0
9500,1959,Graduation,Married,58113.00,SP,0
3074,1984,PhD,Married,70643.00,SP,1
5140,1985,PhD,Married,64355.00,SP,0
2611,1959,Master,Together,82576.00,SA,0
916,1972,PhD,Single,41644.00,SP,0
10413,1984,Graduation,Married,72570.00,SP,0
3696,1965,Graduation,Divorced,30630.00,SP,0
304,1981,Master,Single,22944.00,SP,0
5113,1971,PhD,Divorced,86979.00,SP,1
2863,1970,Graduation,Single,,SP,0
4597,1970,PhD,Together,82072.00,SA,0
675,1973,Master,Divorced,52034.00,SP,0
4483,1993,Graduation,Single,72354.00,SA,0
1502,1983,Graduation,Together,28427.00,SP,0
736,1983,Graduation,Together,28427.00,IND,0
4487,1969,Master,Single,39858.00,SA,1
3412,1951,Master,Married,67381.00,SP,0
1744,1965,Basic,Single,23529.00,SP,0
5837,1967,Graduation,Married,51479.00,SP,0
3422,1975,Graduation,Married,76068.00,GER,0
7462,1954,Graduation,Single,22507.00,CA,0
10702,1984,Graduation,Single,52413.00,SP,0
2115,1957,Graduation,Together,50116.00,GER,0
4138,1962,Graduation,Single,76624.00,SP,0
11091,1953,Graduation,Together,34587.00,GER,0
7712,1946,PhD,Single,62159.00,US,0
3535,1965,Graduation,Single,66294.00,SP,0
5899,1950,PhD,Together,5648.00,US,0
8749,1984,Graduation,Together,37235.00,SP,0
10955,1964,Graduation,Widow,85620.00,SP,1
9491,1984,Graduation,Together,23976.00,SA,0
5286,1987,Master,Single,41020.00,CA,0
3409,1984,Graduation,Single,36108.00,SA,0
2544,1951,Master,Divorced,57530.00,IND,0
2118,1964,2n Cycle,Married,62905.00,SP,0
9370,1945,PhD,Married,65846.00,CA,0
4864,1977,Graduation,Married,34380.00,CA,0
405,1964,Graduation,Divorced,41638.00,SP,0
10513,1992,Graduation,Together,63207.00,SP,0
5138,1950,Graduation,Together,28320.00,SP,0
8387,1957,Graduation,Married,43140.00,SP,0
378,1971,Graduation,Married,52531.00,SP,0
5846,1977,Graduation,Divorced,40246.00,GER,0
8870,1984,Graduation,Together,35196.00,SP,1
10340,1984,Graduation,Together,35196.00,SP,0
7290,1985,Graduation,Single,70596.00,SP,0
8895,1985,Graduation,Single,70596.00,SP,0
3635,1962,PhD,Single,52597.00,SA,0
11178,1972,Master,Single,42394.00,GER,0
2410,1969,Graduation,Single,81657.00,SP,0
3281,1960,PhD,Married,49154.00,SP,0
9905,1952,Graduation,Together,34074.00,SP,0
2437,1989,Graduation,Married,,SP,0
2565,1955,Master,Divorced,70638.00,SA,0
7912,1978,Graduation,Married,38136.00,US,0
7072,1973,Graduation,Married,67432.00,AUS,0
1409,1951,Graduation,Together,40689.00,US,0
5314,1951,Graduation,Together,40689.00,SP,0
7215,1983,Graduation,Single,101970.00,CA,1
8858,1972,PhD,Married,44325.00,CA,0
895,1948,PhD,Married,61467.00,SP,0
10313,1975,Graduation,Married,48178.00,SP,0
642,1980,Basic,Married,16005.00,CA,0
8504,1973,Graduation,Married,79593.00,GER,0
1020,1973,Graduation,Married,79593.00,SP,0
3717,1959,Graduation,Married,61180.00,SP,0
7646,1989,Graduation,Single,64449.00,SP,0
5796,1963,Graduation,Married,77437.00,SP,0
8625,1976,Graduation,Married,17649.00,US,0
5407,1954,Graduation,Together,53103.00,SA,0
4356,1971,Graduation,Together,71819.00,SP,0
2886,1971,Master,Divorced,74290.00,SP,0
10057,1951,Graduation,Single,72282.00,SP,1
10741,1951,Master,Together,47352.00,SP,0
5491,1951,Master,Together,47352.00,AUS,0
4442,1961,Graduation,Single,46524.00,CA,0
3972,1976,Graduation,Together,50200.00,SP,0
2431,1990,Graduation,Married,18222.00,SP,0
7899,1952,PhD,Married,77610.00,AUS,0
9703,1970,PhD,Married,38097.00,SA,1
6927,1968,PhD,Married,44377.00,SA,0
7005,1981,Graduation,Single,58684.00,SA,0
246,1965,Graduation,Married,66480.00,SP,0
4796,1952,Graduation,Divorced,49638.00,SP,0
4725,1950,PhD,Together,50616.00,SP,0
3286,1967,PhD,Divorced,26642.00,SP,0
10680,1986,Graduation,Together,33235.00,SP,0
4297,1969,Graduation,Together,23228.00,IND,0
7327,1959,PhD,Married,36732.00,SP,0
1553,1946,Graduation,Together,82657.00,GER,0
1665,1964,PhD,Divorced,64140.00,SA,1
10640,1974,Graduation,Together,44392.00,SP,0
7620,1990,Basic,Single,16185.00,IND,0
7761,1978,2n Cycle,Together,38702.00,AUS,0
5062,1963,PhD,Married,54072.00,SA,0
6349,1987,Master,Divorced,61787.00,SP,0
3386,1992,Graduation,Married,34935.00,SP,0
8175,1992,Graduation,Married,34935.00,SA,0
6245,1950,PhD,Together,59292.00,SP,0
8780,1950,PhD,Together,59292.00,SP,0
2276,1955,Graduation,Single,57959.00,SP,0
1172,1983,PhD,Married,92491.00,SP,1
3225,1984,Master,Married,42207.00,SP,1
8629,1956,Graduation,Widow,46984.00,CA,0
798,1987,Graduation,Single,23442.00,SP,0
269,1963,PhD,Single,46757.00,SP,0
8213,1980,2n Cycle,Together,14515.00,SP,1
10245,1986,2n Cycle,Single,80910.00,SP,0
2447,1979,Graduation,Together,30545.00,IND,0
9817,1970,Master,Single,44802.00,IND,0
1371,1976,Graduation,Single,79941.00,AUS,0
8093,1969,Master,Married,79734.00,SP,0
713,1977,Master,Married,50353.00,SP,0
11051,1956,PhD,Together,77376.00,CA,0
5545,1972,PhD,Married,78075.00,SP,0
5283,1976,PhD,Single,42473.00,SP,0
5010,1988,Graduation,Single,25008.00,SP,0
7495,1948,PhD,Married,56223.00,SP,0
4368,1980,Graduation,Married,47850.00,SP,0
6303,1986,PhD,Together,91820.00,CA,0
1030,1965,PhD,Single,40637.00,SA,0
10364,1959,Graduation,Divorced,23295.00,SP,0
6945,1952,Graduation,Single,84574.00,SP,0
8562,1969,Graduation,Together,54165.00,SP,0
2918,1981,Graduation,Divorced,28510.00,SP,0
9167,1956,Graduation,Married,67131.00,SP,0
4743,1969,PhD,Married,56242.00,US,0
10742,1983,PhD,Married,86580.00,SP,0
10965,1955,Graduation,Together,76005.00,SP,0
7129,1962,PhD,Married,54693.00,SP,0
3732,1955,Master,Married,52750.00,CA,0
7124,1968,Graduation,Divorced,36997.00,CA,0
10686,1965,PhD,Together,34230.00,SP,0
7247,1960,Graduation,Widow,47916.00,GER,0
1513,1979,2n Cycle,Together,60839.00,SP,0
460,1972,PhD,Married,79930.00,SA,0
6653,1970,PhD,Married,55158.00,SP,1
9400,1958,2n Cycle,Single,85485.00,SP,0
7106,1943,PhD,Married,75865.00,SP,0
4252,1965,Graduation,Married,44375.00,SP,0
9240,1971,PhD,Single,60504.00,SP,0
10770,1959,Graduation,Married,65492.00,CA,0
176,1980,2n Cycle,Single,67506.00,SP,0
6870,1959,PhD,Divorced,68805.00,SP,0
143,1970,Graduation,Single,61209.00,US,0
6445,1967,Graduation,Together,66825.00,SA,0
4278,1983,PhD,Single,87188.00,IND,1
6906,1953,Master,Widow,84953.00,SP,1
4637,1954,PhD,Single,74637.00,SA,0
8690,1962,Graduation,Married,86111.00,CA,0
1173,1947,Master,Together,77632.00,SP,1
1928,1973,Graduation,Married,31814.00,SA,0
9029,1972,PhD,Married,70116.00,SP,0
10299,1969,PhD,Single,48240.00,SP,1
9246,1985,Master,Together,40101.00,IND,0
4943,1953,Graduation,Married,70503.00,SP,0
4122,1975,Graduation,Married,79205.00,SP,1
2853,1980,Graduation,Single,51766.00,CA,0
902,1980,Graduation,Together,62994.00,CA,0
1672,1974,PhD,Together,65640.00,SA,0
7254,1969,Graduation,Together,38361.00,SA,0
8775,1969,Graduation,Together,38361.00,AUS,0
9543,1985,Graduation,Married,19986.00,SP,0
7093,1985,Graduation,Married,19986.00,SP,0
2894,1985,Graduation,Single,72903.00,SP,1
5956,1948,PhD,Divorced,45072.00,AUS,0
1921,1967,PhD,Married,59062.00,SP,0
5057,1961,Master,Married,61794.00,SP,0
10260,1965,Master,Together,45143.00,SP,0
2262,1965,Master,Together,45143.00,SA,0
7930,1969,Master,Single,26877.00,SP,0
1461,1965,PhD,Divorced,36921.00,CA,0
7514,1956,2n Cycle,Together,54342.00,AUS,0
6461,1969,Master,Single,62772.00,SP,0
257,1959,PhD,Married,75032.00,SP,0
9460,1963,Graduation,Married,22419.00,SP,0
3855,1963,Graduation,Married,22419.00,CA,0
367,1978,2n Cycle,Married,36550.00,CA,0
9265,1953,Graduation,Married,75027.00,SA,0
1990,1974,PhD,Single,63159.00,SP,0
3594,1973,Master,Married,54108.00,CA,0
9292,1952,Graduation,Married,81795.00,SP,0
6218,1965,Graduation,Married,59594.00,SP,0
6528,1982,Master,Together,18492.00,SP,0
10164,1958,Graduation,Single,94472.00,SP,0
9937,1979,Graduation,Single,70337.00,US,0
274,1973,Graduation,Single,34853.00,GER,0
5250,1943,Master,Widow,,AUS,1
11010,1984,PhD,Single,16269.00,SP,0
6969,1982,Graduation,Together,50272.00,AUS,0
10735,1971,Graduation,Single,22804.00,SA,0
5068,1971,Graduation,Single,22804.00,SP,0
9974,1974,Graduation,Married,30631.00,SA,0
7053,1966,PhD,Single,78420.00,SA,0
3179,1980,Graduation,Single,81741.00,SP,0
8082,1971,Graduation,Married,25721.00,AUS,1
1362,1972,Graduation,Single,31907.00,GER,0
6768,1962,Graduation,Divorced,37859.00,CA,0
2375,1972,Graduation,Together,30261.00,SP,0
6856,1979,Graduation,Together,21645.00,GER,1
4066,1978,2n Cycle,Divorced,21282.00,SP,0
4333,1954,Graduation,Together,32144.00,IND,0
2948,1954,Master,Divorced,62637.00,CA,0
4927,1971,Graduation,Together,16626.00,SA,0
7426,1971,2n Cycle,Married,54690.00,SP,0
8360,1971,2n Cycle,Married,54690.00,SP,0
4058,1955,PhD,Single,61284.00,SP,0
10755,1976,2n Cycle,Married,23718.00,AUS,0
8414,1962,PhD,Single,33419.00,SP,0
6810,1983,Graduation,Divorced,82025.00,SA,1
3839,1958,Basic,Single,15056.00,SP,0
3483,1958,Graduation,Married,48192.00,CA,1
238,1967,2n Cycle,Together,67309.00,SP,0
591,1957,Graduation,Widow,66033.00,IND,0
5063,1977,Graduation,Single,28769.00,SP,0
4303,1957,PhD,Together,6835.00,CA,0
2258,1986,Graduation,Married,32880.00,SP,0
7301,1982,2n Cycle,Single,23616.00,SP,1
11121,1981,Graduation,Married,19419.00,IND,0
5287,1973,Graduation,Married,34961.00,SP,0
6457,1976,Graduation,Divorced,64892.00,SA,0
3559,1988,2n Cycle,Married,16248.00,IND,0
5577,1983,Graduation,Together,43776.00,SP,0
641,1967,Graduation,Single,52074.00,IND,0
954,1960,Basic,Widow,22123.00,AUS,0
1834,1978,Master,Single,35544.00,SA,0
8789,1989,2n Cycle,Married,59060.00,SP,0
10584,1976,Graduation,Married,65665.00,SP,0
2337,1971,Graduation,Divorced,29819.00,SP,0
6071,1989,Graduation,Single,81217.00,SP,0
295,1989,Graduation,Single,81217.00,SP,0
10203,1990,Graduation,Single,26095.00,SP,0
3968,1970,2n Cycle,Divorced,65706.00,CA,1
4037,1976,Graduation,Divorced,31859.00,SA,0
6932,1941,PhD,Married,93027.00,SP,0
10159,1970,Graduation,Divorced,58710.00,AUS,0
1177,1966,Master,Together,49618.00,SP,0
9426,1964,Master,Single,58308.00,SP,0
10637,1964,Graduation,Married,40800.00,SP,0
10826,1959,Graduation,Married,18690.00,SP,0
4086,1959,Graduation,Married,18690.00,GER,0
10304,1959,Graduation,Married,18690.00,SP,0
7998,1958,Graduation,Together,28087.00,IND,0
10992,1967,Graduation,Together,75702.00,SA,0
6383,1971,PhD,Together,32892.00,SA,0
10536,1971,PhD,Together,32892.00,SP,0
6036,1959,Master,Together,89120.00,SP,0
11092,1961,Graduation,Married,27116.00,SA,0
538,1989,Graduation,Single,46107.00,SA,0
10022,1973,PhD,Single,54466.00,SP,0
10157,1965,Graduation,Single,59686.00,CA,0
3503,1950,Graduation,Divorced,82460.00,SA,0
146,1960,PhD,Single,76045.00,SP,0
5538,1975,Graduation,Divorced,83829.00,SP,1
3910,1975,Graduation,Divorced,83829.00,SP,1
4227,1968,Master,Together,32889.00,SP,0
6634,1979,Master,Divorced,33462.00,SA,0
8916,1975,Graduation,Divorced,36627.00,SA,0
6460,1982,Graduation,Married,28718.00,IND,0
5883,1972,Graduation,Married,77981.00,SP,0
10091,1956,Graduation,Single,60230.00,SP,0
697,1969,Graduation,Together,74918.00,SP,0
2607,1953,Graduation,Single,40464.00,SP,0
8427,1956,Master,Single,64857.00,SP,0
217,1956,Master,Single,64857.00,CA,0
6202,1960,Graduation,Together,63381.00,SP,0
3856,1960,Graduation,Together,63381.00,SP,0
10648,1982,2n Cycle,Together,66664.00,SP,0
5120,1982,2n Cycle,Together,66664.00,SA,0
6749,1966,Graduation,Single,86358.00,SP,0
1584,1977,Graduation,Married,41443.00,SA,0
9559,1961,PhD,Married,57072.00,CA,0
771,1967,Graduation,Together,54178.00,GER,0
5237,1950,PhD,Single,48767.00,AUS,0
2461,1955,Master,Single,51124.00,CA,0
5474,1970,Graduation,Single,43020.00,US,0
2895,1963,Graduation,Single,49980.00,IND,0
7972,1955,Graduation,Single,72906.00,SP,0
10067,1976,2n Cycle,Together,25176.00,GER,0
500,1977,Graduation,Together,96876.00,SP,1
922,1979,2n Cycle,Married,31086.00,GER,0
2861,1983,Graduation,Single,24072.00,SP,0
375,1954,Graduation,Divorced,76773.00,SP,0
10936,1965,Graduation,Married,72190.00,AUS,0
10314,1948,PhD,Married,83837.00,IND,1
4240,1978,Graduation,Married,17345.00,SP,0
2674,1958,Master,Single,75154.00,US,1
2563,1961,Basic,Married,28249.00,IND,0
8312,1961,Basic,Married,28249.00,SP,0
6999,1980,Master,Married,69661.00,IND,0
7574,1979,PhD,Together,27922.00,SA,0
5223,1966,Master,Together,45903.00,SA,0
2952,1977,Master,Single,36273.00,SP,0
7683,1968,Master,Married,70777.00,SP,0
9481,1976,Graduation,Married,17148.00,CA,0
9907,1969,Master,Together,66476.00,GER,0
5454,1979,Master,Married,45057.00,US,0
3798,1968,Graduation,Married,41120.00,SP,0
7281,1959,PhD,Single,,AUS,0
4259,1986,Master,Single,19485.00,IND,0
2549,1983,PhD,Together,21840.00,SP,0
6437,1985,2n Cycle,Single,41473.00,SP,0
2488,1956,2n Cycle,Divorced,31395.00,SP,0
3945,1947,PhD,Widow,68117.00,SP,1
702,1975,2n Cycle,Widow,47682.00,SP,0
9010,1972,Master,Married,83151.00,SP,1
9710,1969,PhD,Divorced,58086.00,SP,0
1509,1958,PhD,Together,84460.00,SP,1
9120,1962,Graduation,Single,66565.00,SP,0
5252,1969,Graduation,Divorced,23910.00,SP,0
5959,1968,Graduation,Single,35893.00,IND,0
7441,1973,Graduation,Divorced,71128.00,US,0
4271,1989,2n Cycle,Together,38683.00,IND,0
4095,1971,Graduation,Married,37150.00,US,0
8852,1976,Graduation,Married,61064.00,SP,0
7698,1976,PhD,Married,51650.00,IND,0
4174,1956,Master,Together,55249.00,SP,0
3182,1973,PhD,Single,46854.00,IND,1
193,1996,Basic,Married,14421.00,SP,0
5229,1969,PhD,Together,54132.00,GER,0
5555,1975,Graduation,Divorced,153924.00,SP,0
7732,1978,Graduation,Married,64813.00,SP,0
310,1970,Master,Married,61872.00,CA,0
6261,1979,Graduation,Married,58025.00,IND,0
6274,1948,Master,Married,83790.00,SA,0
1655,1979,Graduation,Together,34350.00,AUS,0
2740,1958,PhD,Widow,33438.00,SP,0
4328,1986,2n Cycle,Married,21955.00,SP,0
17,1971,PhD,Married,60491.00,SP,0
9153,1964,PhD,Married,59304.00,SP,0
520,1974,Graduation,Married,34421.00,SP,0
8372,1974,Graduation,Married,34421.00,SA,0
73,1953,PhD,Single,51411.00,IND,0
2002,1958,Graduation,Divorced,71964.00,SP,0
6059,1953,PhD,Together,64504.00,SP,1
11166,1961,Graduation,Married,49678.00,SP,0
6257,1976,Master,Single,60482.00,SA,0
9224,1972,PhD,Single,55260.00,SA,0
8732,1969,Master,Widow,67369.00,SP,1
955,1962,Master,Together,47175.00,SA,1
4910,1967,Graduation,Divorced,68743.00,US,0
564,1981,PhD,Together,56937.00,SP,1
8931,1986,Graduation,Together,83033.00,SA,0
1998,1976,Graduation,Single,37697.00,IND,0
1250,1976,Graduation,Single,37697.00,SP,0
8397,1951,Graduation,Married,44689.00,SP,0
9672,1970,2n Cycle,Married,23162.00,CA,0
2125,1959,Graduation,Divorced,63033.00,US,0
5975,1967,PhD,Single,40304.00,CA,0
983,1984,Graduation,Married,40059.00,US,0
9938,1954,Graduation,Married,80067.00,IND,0
4385,1981,PhD,Single,36038.00,SP,0
1612,1981,PhD,Single,,AUS,0
803,1968,Graduation,Together,40521.00,SP,0
10675,1956,PhD,Married,66334.00,SP,1
7004,1984,Graduation,Single,11012.00,IND,0
4432,1976,Graduation,Divorced,31615.00,SP,0
5079,1971,Graduation,Married,,AUS,0
4475,1949,PhD,Married,69098.00,SP,0
10868,1951,Graduation,Widow,70792.00,SP,0
6742,1979,Graduation,Married,17688.00,SP,0
5692,1989,Basic,Married,25443.00,SA,0
339,1972,PhD,Married,57091.00,SP,1
10398,1981,2n Cycle,Single,24336.00,SP,0
8017,1981,2n Cycle,Married,51111.00,SA,0
3722,1972,Graduation,Single,44503.00,SP,0
7326,1971,Master,Married,56850.00,CA,0
2416,1969,PhD,Single,66582.00,SP,0
1878,1985,2n Cycle,Married,23148.00,SP,0
5278,1964,Graduation,Married,82224.00,GER,0
5734,1974,PhD,Married,61917.00,SP,0
4370,1966,Graduation,Together,43482.00,IND,0
8405,1979,Graduation,Divorced,68274.00,SA,0
7617,1974,Graduation,Single,42373.00,SP,0
10339,1954,Master,Together,,AUS,0
6376,1979,Graduation,Single,57537.00,AUS,0
2150,1958,PhD,Widow,80995.00,CA,0
7386,1976,Graduation,Divorced,30992.00,CA,0
3006,1976,Graduation,Divorced,30992.00,CA,0
11088,1971,PhD,Together,78642.00,SP,0
5185,1955,Graduation,Married,74268.00,SA,0
3523,1962,Graduation,Together,75072.00,SP,0
55,1963,Graduation,Together,56253.00,SP,0
3807,1955,Graduation,Together,59925.00,SP,0
2453,1960,Graduation,Together,62807.00,SP,0
7787,1960,Graduation,Together,62807.00,CA,0
2230,1970,PhD,Married,23626.00,GER,0
8146,1976,Master,Together,46106.00,SA,0
988,1965,Graduation,Married,81168.00,SP,0
4832,1979,Graduation,Married,27244.00,SP,0
3152,1957,Graduation,Together,26091.00,IND,0
11188,1957,Graduation,Together,26091.00,SP,0
361,1969,Master,Married,43142.00,AUS,0
5939,1971,Graduation,Together,38232.00,SP,0
9349,1985,Graduation,Married,92533.00,GER,0
819,1945,Graduation,Widow,63285.00,SP,0
10120,1955,Graduation,Together,38946.00,US,0
4541,1955,Graduation,Together,38946.00,CA,0
2456,1975,PhD,Married,40233.00,SA,0
2516,1969,2n Cycle,Married,46831.00,SP,0
11013,1987,Graduation,Together,67605.00,SP,0
9988,1976,Master,Single,70379.00,CA,0
1627,1957,2n Cycle,Divorced,77297.00,SP,0
1490,1962,Graduation,Married,55759.00,CA,0
6710,1951,Master,Single,58217.00,SP,0
7375,1976,Graduation,Together,51369.00,SA,0
10144,1976,Graduation,Together,51369.00,SA,0
3138,1956,Graduation,Single,91249.00,SP,1
1440,1978,2n Cycle,Together,52513.00,SP,0
4200,1970,Master,Married,44159.00,SA,0
4998,1962,Graduation,Together,76081.00,SP,0
7321,1962,Graduation,Together,76081.00,IND,0
8663,1974,Graduation,Divorced,39996.00,AUS,0
1958,1973,PhD,Together,55012.00,SP,0
6963,1947,Graduation,Single,77457.00,SA,0
1065,1963,Graduation,Single,80695.00,US,0
2712,1956,Graduation,Married,71866.00,AUS,0
6049,1982,Master,Together,73450.00,SP,0
6605,1944,PhD,Divorced,55614.00,SP,0
11181,1949,PhD,Married,156924.00,CA,0
5234,1967,2n Cycle,Together,30753.00,CA,0
5253,1956,Master,Together,54603.00,SP,0
11148,1975,Graduation,Together,22280.00,SP,0
6289,1951,Master,Together,59385.00,SP,0
9743,1955,Graduation,Married,76998.00,CA,0
9209,1971,Master,Together,80573.00,SA,0
6417,1971,Master,Together,80573.00,SP,0
7937,1982,Graduation,Married,24711.00,SP,0
6488,1959,PhD,Married,38829.00,GER,0
3194,1974,PhD,Single,71466.00,CA,0
231,1956,Master,Together,28839.00,SP,0
9697,1951,Graduation,Married,53790.00,SP,0
4676,1951,Master,Widow,73705.00,SP,0
8079,1982,Graduation,Married,22448.00,SA,0
10032,1976,Graduation,Divorced,12571.00,SA,0
10505,1960,Master,Together,73113.00,SA,0
2005,1990,Graduation,Married,35765.00,CA,0
6940,1966,PhD,Single,46734.00,SP,0
2304,1963,PhD,Together,66313.00,SA,0
3170,1957,Master,Together,68148.00,SP,0
10466,1965,Graduation,Married,44393.00,SP,0
7325,1986,PhD,Together,38197.00,SP,0
455,1946,PhD,Married,51012.00,SP,0
7592,1946,PhD,Married,51012.00,SP,0
4547,1960,Graduation,Together,13672.00,SP,0
6825,1953,Graduation,Together,41452.00,CA,0
2961,1982,Graduation,Married,42081.00,SP,0
8700,1986,Basic,Single,14906.00,SA,0
2278,1985,2n Cycle,Single,33812.00,US,0
10703,1975,Master,Single,46098.00,SP,0
9,1975,Master,Single,46098.00,CA,0
2804,1975,Master,Single,46098.00,IND,1
4915,1956,2n Cycle,Married,53230.00,GER,0
3010,1989,Master,Together,88420.00,SP,0
4279,1963,2n Cycle,Single,39548.00,SP,0
2564,1953,Graduation,Together,61278.00,SP,0
1137,1964,Graduation,Single,81246.00,SP,0
5084,1975,Graduation,Widow,58330.00,SP,0
7094,1975,Graduation,Widow,58330.00,GER,0
6327,1967,Graduation,Together,65777.00,US,0
6131,1980,2n Cycle,Married,70829.00,SP,0
5798,1973,Master,Together,,GER,0
10379,1962,Master,Single,59247.00,SP,0
606,1967,Graduation,Single,25930.00,SP,0
7801,1959,Graduation,Together,54753.00,SA,0
2445,1974,PhD,Together,28440.00,SP,0
5346,1973,2n Cycle,Married,23559.00,GER,0
550,1952,Graduation,Divorced,62335.00,SP,0
4478,1979,Graduation,Married,63777.00,IND,0
2350,1972,Graduation,Married,59666.00,CA,0
1118,1956,Master,Married,50965.00,SP,0
1491,1965,2n Cycle,Together,71488.00,CA,0
4507,1952,Graduation,Single,72228.00,SP,0
7023,1953,PhD,Single,46231.00,SA,0
6977,1974,Graduation,Together,75702.00,SP,0
4042,1971,Graduation,Divorced,43300.00,CA,1
7274,1957,Graduation,Married,78618.00,SP,0
2902,1958,Graduation,Together,,AUS,0
3332,1985,Graduation,Single,29760.00,GER,0
7433,1985,Graduation,Single,29760.00,SP,0
9386,1962,Graduation,Together,50127.00,SP,0
5176,1988,Graduation,Together,29604.00,SA,0
10323,1952,Graduation,Married,49413.00,SP,0
4682,1958,Graduation,Married,51876.00,GER,0
3083,1974,Graduation,Married,45837.00,SP,0
8015,1962,PhD,Divorced,85696.00,SP,1
1745,1962,PhD,Divorced,85696.00,SP,1
3136,1962,Master,Divorced,59432.00,SP,0
6991,1951,Graduation,Divorced,43185.00,AUS,0
8132,1975,PhD,Married,60631.00,GER,0
503,1985,Master,Married,20559.00,AUS,0
8148,1956,Master,Together,50898.00,SA,0
2736,1978,Graduation,Married,73807.00,IND,0
8162,1956,Master,Together,14661.00,SP,0
692,1954,Graduation,Together,36807.00,IND,0
7706,1975,2n Cycle,Together,46772.00,CA,0
9298,1947,PhD,Together,81574.00,SA,0
2986,1976,Graduation,Married,30772.00,CA,0
10812,1978,PhD,Married,46377.00,SA,0
2909,1974,PhD,Married,78128.00,GER,0
6974,1972,PhD,Together,83443.00,GER,0
9140,1960,2n Cycle,Together,50523.00,US,0
4554,1965,Graduation,Together,47009.00,SP,0
7791,1967,Master,Married,37054.00,SA,0
5455,1971,PhD,Married,32011.00,SP,0
7960,1962,2n Cycle,Together,82122.00,SP,0
3426,1975,Graduation,Divorced,70300.00,SP,0
5316,1976,Master,Together,21024.00,SP,0
1404,1968,Graduation,Together,34916.00,SA,0
10598,1967,Graduation,Together,27943.00,SP,0
8212,1971,Master,Married,39791.00,SP,0
3233,1965,PhD,Married,62745.00,SA,0
7892,1969,Graduation,Single,18589.00,US,0
2975,1976,Graduation,Together,85606.00,SP,0
5043,1951,Basic,Married,26997.00,SP,0
3104,1961,Graduation,Single,82332.00,GER,1
10854,1970,PhD,Married,38853.00,IND,0
7419,1968,Master,Divorced,27071.00,SP,0
5558,1954,PhD,Single,90933.00,SP,0
832,1966,PhD,Together,65814.00,SP,0
4964,1958,PhD,Together,74250.00,CA,0
11030,1976,Master,Married,33181.00,SP,0
4587,1944,Master,Widow,45006.00,SP,0
450,1958,Master,Together,42315.00,US,0
11031,1950,PhD,Married,48699.00,AUS,0
4990,1954,Graduation,Married,59111.00,AUS,0
221,1955,Graduation,Married,48726.00,GER,0
4351,1955,Graduation,Divorced,37244.00,SP,0
1357,1970,Graduation,Together,74854.00,GER,0
5667,1964,PhD,Married,60896.00,CA,1
8867,1988,PhD,Married,67546.00,SA,0
2747,1988,PhD,Married,67546.00,SP,0
7422,1987,Graduation,Single,46923.00,SP,0
4148,1972,Graduation,Married,38988.00,SP,0
9516,1971,2n Cycle,Divorced,49118.00,SP,1
1291,1978,PhD,Together,27683.00,SP,0
1833,1974,PhD,Single,39190.00,SP,0
7270,1981,Graduation,Divorced,56981.00,SA,0
8182,1984,Graduation,Married,23228.00,CA,0
10394,1984,Graduation,Married,90000.00,CA,0
1142,1953,PhD,Married,55707.00,SP,0
451,1989,Graduation,Single,9255.00,IND,0
7128,1977,PhD,Single,42997.00,SP,0
10678,1959,Graduation,Together,71232.00,SP,0
7755,1954,PhD,Married,57744.00,SP,0
4754,1966,Master,Married,33585.00,SP,0
20,1965,2n Cycle,Married,46891.00,GER,0
2246,1965,2n Cycle,Married,46891.00,SP,0
10307,1956,Graduation,Married,50387.00,SP,0
2147,1969,Graduation,Together,76653.00,SP,0
10590,1956,PhD,Together,76542.00,SP,0
6565,1949,Master,Married,76995.00,US,0
6619,1978,Graduation,Married,38415.00,SP,0
4817,1956,Graduation,Divorced,22304.00,SP,0
4508,1952,Graduation,Single,75127.00,GER,0
4843,1952,Graduation,Single,75127.00,SA,0
9197,1953,Graduation,Married,39722.00,SP,0
6237,1966,PhD,Single,7144.00,SP,0
6515,1977,Graduation,Together,39771.00,SA,0
5954,1972,Master,Divorced,42618.00,SP,0
7938,1958,PhD,Together,51518.00,GER,0
961,1972,Graduation,Married,74716.00,SP,0
1764,1975,Graduation,Single,33955.00,SA,0
1916,1954,Master,Married,45736.00,GER,0
6941,1971,Graduation,Single,31632.00,SP,0
5562,1974,Graduation,Married,60093.00,SP,0
1517,1969,Graduation,Single,30822.00,SP,0
7286,1968,Graduation,Together,41728.00,AUS,0
4687,1958,Master,Married,80739.00,SP,0
5631,1991,Graduation,Single,49767.00,US,0
1951,1981,Basic,Married,34445.00,SP,0
123,1951,Graduation,Widow,67046.00,AUS,0
9451,1965,Graduation,Married,73538.00,CA,0
7396,1966,Graduation,Married,80398.00,SP,0
3298,1956,Master,Married,52973.00,SA,0
6730,1954,Graduation,Married,38998.00,SP,0
9916,1954,Graduation,Married,38998.00,SA,0
2227,1958,2n Cycle,Together,26490.00,SA,0
946,1958,2n Cycle,Together,26490.00,SP,0
3745,1988,2n Cycle,Married,23331.00,IND,0
4094,1961,Graduation,Married,60544.00,AUS,0
8588,1961,Graduation,Married,60544.00,GER,0
3916,1971,PhD,Together,49269.00,SP,0
9135,1950,Graduation,Together,27203.00,SP,0
1755,1988,2n Cycle,Together,45204.00,SA,0
2875,1978,Graduation,Married,67023.00,SP,0
2008,1978,Graduation,Married,77583.00,SA,0
10925,1983,Graduation,Married,76630.00,SA,0
1604,1960,Master,Married,47353.00,SP,0
5389,1964,Graduation,Married,48920.00,SP,0
2878,1947,PhD,Married,67472.00,SP,0
4440,1964,Master,Married,64100.00,SA,0
1324,1988,Graduation,Married,38872.00,IND,0
6262,1962,Master,Single,72217.00,GER,0
3628,1987,Basic,Single,15038.00,SP,0
3641,1976,Graduation,Married,13624.00,SP,0
322,1978,Graduation,Together,42554.00,AUS,0
175,1986,Graduation,Married,71952.00,SP,0
6988,1986,Graduation,Married,71952.00,AUS,0
8204,1971,2n Cycle,Married,78041.00,GER,0
7476,1964,Master,Single,63972.00,SA,0
5221,1957,Graduation,Married,52852.00,GER,0
8970,1972,PhD,Married,62010.00,SP,0
9286,1960,Master,Together,83151.00,SP,0
5831,1967,Graduation,Married,77870.00,SP,1
1010,1977,Graduation,Together,46931.00,SP,0
11074,1977,Graduation,Single,85072.00,SA,0
5896,1987,Master,Married,73395.00,SP,0
3515,1952,Graduation,Single,62307.00,SP,0
5324,1981,PhD,Married,58293.00,US,0
6534,1974,Graduation,Together,47889.00,SA,0
8373,1979,Basic,Together,24594.00,CA,0
3829,1979,Basic,Together,24594.00,SA,0
4501,1965,Master,Single,69882.00,SP,0
4179,1959,Graduation,Together,24221.00,SP,0
2292,1985,Graduation,Single,22327.00,SP,0
9239,1961,Master,Married,61923.00,US,0
8953,1965,Master,Single,35791.00,SP,0
10258,1965,Master,Single,35791.00,US,0
3520,1990,Master,Single,91172.00,CA,1
10402,1967,Graduation,Married,35441.00,CA,0
11114,1970,Graduation,Together,19656.00,SP,0
9553,1987,Graduation,Married,7500.00,IND,0
6055,1979,Graduation,Married,71626.00,SP,0
4786,1977,Graduation,Married,75330.00,US,0
5015,1976,Master,Married,34529.00,SP,0
8560,1992,Graduation,Single,48789.00,CA,0
3469,1977,PhD,Divorced,34487.00,SP,0
5885,1973,2n Cycle,Married,35688.00,CA,0
3310,1973,2n Cycle,Married,35688.00,SP,0
2134,1952,Graduation,Single,53700.00,SA,0
2532,1987,Master,Single,73454.00,SP,0
2579,1957,Graduation,Married,71113.00,SP,0
3117,1955,Graduation,Single,,AUS,0
5623,1980,Master,Married,31535.00,SP,0
4789,1953,Graduation,Together,80812.00,IND,0
9523,1982,Graduation,Together,40479.00,SP,0
5268,1960,Graduation,Married,29440.00,GER,0
1545,1986,Graduation,Married,38508.00,SP,0
2254,1983,Graduation,Married,69520.00,AUS,0
2661,1964,Graduation,Single,18701.00,SA,0
3130,1964,Graduation,Single,18701.00,SP,0
5847,1969,Graduation,Divorced,69901.00,SP,0
5863,1953,Graduation,Married,47703.00,SP,0
999,1991,Graduation,Single,86037.00,CA,1
2931,1978,Graduation,Divorced,71847.00,SP,0
1890,1971,2n Cycle,Together,42033.00,SP,0
5589,1964,Graduation,Divorced,51983.00,IND,0
10172,1988,Graduation,Single,68655.00,SP,0
6729,1988,Graduation,Single,68655.00,SA,0
10492,1959,Graduation,Together,38285.00,IND,0
2939,1970,Master,Together,79419.00,CA,0
5948,1975,Graduation,Single,57338.00,US,0
574,1964,Graduation,Married,42523.00,GER,0
3266,1964,Graduation,Married,42523.00,CA,0
10500,1984,Graduation,Married,31761.00,AUS,0
7987,1969,Graduation,Married,65747.00,CA,0
1135,1960,Master,Together,17144.00,CA,0
24,1960,Master,Together,17144.00,SA,0
7244,1951,Graduation,Single,,AUS,0
1966,1965,PhD,Married,84618.00,AUS,0
7789,1965,PhD,Married,84618.00,SP,0
3336,1948,PhD,Together,66375.00,AUS,0
5644,1957,Graduation,Together,42213.00,SP,0
1295,1963,Graduation,Married,,CA,0
6663,1940,PhD,Single,51141.00,SP,0
10262,1980,Graduation,Married,15072.00,IND,0
456,1986,2n Cycle,Married,7500.00,SP,0
3270,1978,2n Cycle,Together,17117.00,SA,0
5748,1965,Graduation,Married,59754.00,SA,1
8952,1953,Master,Married,65569.00,SP,0
3921,1952,2n Cycle,Widow,28457.00,SP,0
9826,1972,PhD,Single,86857.00,US,1
5830,1972,PhD,Single,86857.00,SA,1
8310,1964,Graduation,Together,68142.00,SP,0
6382,1953,Graduation,Together,48794.00,US,0
8439,1964,Graduation,Together,63404.00,SP,0
7613,1974,2n Cycle,Together,49669.00,SP,0
48,1964,Graduation,Together,55761.00,SP,0
5046,1958,Graduation,Divorced,78331.00,SA,0
3231,1973,Graduation,Married,37971.00,US,0
7181,1977,Graduation,Married,30368.00,SP,0
1663,1978,PhD,Together,34043.00,SP,0
5441,1965,PhD,Widow,54111.00,SP,0
8602,1964,Graduation,Divorced,69932.00,SP,0
9925,1981,PhD,Together,39665.00,SP,0
9499,1954,Graduation,Married,93404.00,CA,0
6568,1984,Graduation,Married,38680.00,US,0
3032,1984,Graduation,Married,24570.00,SP,0
5153,1967,PhD,Married,77766.00,SP,1
4127,1967,PhD,Married,77766.00,SP,1
9940,1958,Graduation,Together,64961.00,SA,0
7527,1968,Master,Divorced,23748.00,SP,0
3406,1964,Graduation,Single,45989.00,SA,0
9771,1988,2n Cycle,Single,23331.00,IND,0
6722,1954,PhD,Married,70421.00,CA,0
213,1963,PhD,Single,23091.00,SP,0
8541,1990,2n Cycle,Married,24683.00,SP,0
8475,1973,PhD,Married,157243.00,IND,0
8070,1973,PhD,Married,54222.00,SP,0
313,1968,Graduation,Widow,73455.00,SA,0
9757,1972,Graduation,Together,84906.00,SP,0
2088,1972,Graduation,Together,84906.00,GER,0
2320,1978,2n Cycle,Married,47025.00,SP,0
966,1966,Graduation,Married,44529.00,SP,0
9706,1974,PhD,Single,31560.00,CA,0
3979,1983,PhD,Divorced,90687.00,SP,1
5602,1989,PhD,Together,66973.00,IND,0
2202,1978,Graduation,Together,41154.00,SP,0
9645,1968,Graduation,Married,64590.00,SP,0
7230,1960,PhD,Divorced,50611.00,US,1
5675,1960,PhD,Divorced,50611.00,US,0
4974,1970,Graduation,Single,83273.00,US,0
5687,1980,Graduation,Divorced,81702.00,CA,0
5871,1979,Master,Together,24401.00,SA,0
3846,1974,Graduation,Married,42557.00,SP,0
10001,1985,2n Cycle,Together,7500.00,SP,0
2831,1976,Graduation,Together,78416.00,SP,0
868,1966,Graduation,Married,44794.00,SA,0
7212,1966,Graduation,Married,44794.00,AUS,0
1743,1974,Graduation,Single,69719.00,SP,0
2415,1962,Graduation,Together,62568.00,SP,0
7947,1969,Graduation,Married,42231.00,SP,0
2106,1974,2n Cycle,Married,20130.00,SP,0
3363,1974,2n Cycle,Married,20130.00,SP,0
8595,1973,Graduation,Widow,42429.00,AUS,0
7232,1973,Graduation,Widow,42429.00,SP,0
7829,1900,2n Cycle,Divorced,36640.00,IND,0
9977,1973,Graduation,Divorced,78901.00,US,0
10142,1976,PhD,Divorced,66476.00,US,0
5263,1977,2n Cycle,Married,31056.00,SP,0
22,1976,Graduation,Divorced,46310.00,SP,0
528,1978,Graduation,Married,65819.00,IND,0
4070,1969,PhD,Married,94871.00,CA,1
